,blockNumber,timeStamp,hash,from,to,value,contractAddress,input,type,gas,gasUsed,traceId,isError,errCode
0,9287921,1579120957,0xeb0f0897618b1bf76af505331974901245b938f8b5def934eeff9677b4cef4c9,0x65bf64ff5f51272f729bdcd7acfb00677ced86cd,0xb96abc18d24eeda781f83be55ed737056965944b,21141628164442005440,,,call,2300,0,2_5,0,
1,10060752,1589411997,0xe1cb780060993757237ddc0ff6b49560ca418ec3f460980d110c110dce455081,0xf164fc0ec4e93095b804a4795bbe1e041497b92a,0xb96abc18d24eeda781f83be55ed737056965944b,410288836536582,,,call,18280,0,4,0,
2,11797858,1612548894,0x04385f8e9e5defb626450639397b6c74c705494c63785e23902f61738cd97826,0x7a250d5630b4cf539739df2c5dacb4c659f2488d,0xb96abc18d24eeda781f83be55ed737056965944b,10120797754988241189,,,call,17438,0,4,0,
3,12089895,1616433034,0xf6a33b9560e8144489bf92f7ba49bd4796dfcfb8d0b9035c741decd6c1300bdc,0x51e613727fdd2e0b91b51c3e5427e9440a7957e4,0xb96abc18d24eeda781f83be55ed737056965944b,2500000000000000,,,call,2300,0,1,0,
4,12090058,1616435208,0x82b66cd1fd8dbbd08cebace03e2725b7cbd845e6293d6bdeb91de09ee039df71,0x51e613727fdd2e0b91b51c3e5427e9440a7957e4,0xb96abc18d24eeda781f83be55ed737056965944b,2500000000000000,,,call,2300,0,1,0,
5,12179609,1617624855,0xea7dbdc80646e35061d9a098c81b20b24d3c4f1c7ffb49779f0b85a209009584,0x7a250d5630b4cf539739df2c5dacb4c659f2488d,0xb96abc18d24eeda781f83be55ed737056965944b,15202641237316910955,,,call,17438,0,4,0,
6,12179855,1617628327,0x734ae10635b560f18c69444f45b7cc3a7d403e6c35761a7f6f40638d16f08e89,0xcc9a0b7c43dc2a5f023bb9b738e45b0ef6b06e04,0xb96abc18d24eeda781f83be55ed737056965944b,13616174119201307000,,,call,92809,0,2,0,
7,12180251,1617633729,0x95ee611106192d7c3a3f9da4753a52ba0cdeafacbd8c6521aa7caf69023b6773,0x7a250d5630b4cf539739df2c5dacb4c659f2488d,0xb96abc18d24eeda781f83be55ed737056965944b,2740198678094786578,,,call,17370,0,4,0,
8,12181415,1617649113,0x2ca167d2354635e9c2bb669ff895a1951761c89f1e4392cbe7a497f511e82c88,0x66017d22b0f8556afdd19fc67041899eb65a21bb,0xb96abc18d24eeda781f83be55ed737056965944b,93553909471063428,,,call,20573,0,3,0,
9,12184928,1617696157,0xa90f755708e937367b5d4d40d4e67e1c6f15058a3007d30b166f2e61c4b6d907,0x66017d22b0f8556afdd19fc67041899eb65a21bb,0xb96abc18d24eeda781f83be55ed737056965944b,55176399877256851,,,call,50863,0,3,0,
10,12193516,1617809768,0x9117fee60dfadd075e654d1ef9a13edd7a6135a28097cf0ed418138e1d16245f,0x66017d22b0f8556afdd19fc67041899eb65a21bb,0xb96abc18d24eeda781f83be55ed737056965944b,639427969421191,,,call,50205,0,3,0,
11,12206987,1617989263,0x8139384e5708f20f43713294893e99c51ed593a68fdf61a68c53f565804ff24e,0x66017d22b0f8556afdd19fc67041899eb65a21bb,0xb96abc18d24eeda781f83be55ed737056965944b,22440622410725148,,,call,50205,0,3,0,
12,12267474,1618794089,0xb8936ca764f5aab5a53bb04c3c74706fed45f299b543989b961d5c69a93605f1,0x66017d22b0f8556afdd19fc67041899eb65a21bb,0xb96abc18d24eeda781f83be55ed737056965944b,31144629249326347,,,call,50204,0,3,0,
13,12368336,1620138844,0xbfa3d3d29bb69265fc59400aad79ed7a0b18a6b752de4230c260fdd047fc09c3,0x66017d22b0f8556afdd19fc67041899eb65a21bb,0xb96abc18d24eeda781f83be55ed737056965944b,988162850906159,,,call,56441,0,3,0,
14,12368670,1620143474,0xbe7fddbcd0eeeda532bc2be4792774d9507c8f3cdee0ce25118eae390e035e7f,0x4f9fbb3f1e99b56e0fe2892e623ed36a76fc605d,0xb96abc18d24eeda781f83be55ed737056965944b,1567242795610102,,,call,2300,0,2,0,
15,12459245,1621352367,0x9af9b22e3b60a59b9d333dcb297b04b97c1b49ed56be8c4a3c710fac8de6f808,0x7a250d5630b4cf539739df2c5dacb4c659f2488d,0xb96abc18d24eeda781f83be55ed737056965944b,5859088051374428823,,,call,30389,0,4,0,
16,12462802,1621400051,0x638cea37a6c8e8ad9910a8c3251e94616d58b98dc20461ede87c1466ae637acf,0x7a250d5630b4cf539739df2c5dacb4c659f2488d,0xb96abc18d24eeda781f83be55ed737056965944b,3355562090615940855,,,call,30389,0,4,0,
17,12462919,1621401564,0x185cba225bb554371ed94af5faf764ab31c1be316ae99ab051a3ce91f992ac37,0xe592427a0aece92de3edee1f18e0157c05861564,0xb96abc18d24eeda781f83be55ed737056965944b,3585693716622409908,,,call,32347,0,1_2,0,
18,12462930,1621401676,0x4d2e384fb1addfdd6a7093c3e41ded15e2cc5bf4fc1ea2b78405db7459f1a88c,0xcc9a0b7c43dc2a5f023bb9b738e45b0ef6b06e04,0xb96abc18d24eeda781f83be55ed737056965944b,29082448918073967,,,call,23395,0,5,0,
19,12465051,1621430403,0x2a22291c2e12e1b6c75bb3abc36dc2831479167637204aa394dcacbde8452b5c,0x7a250d5630b4cf539739df2c5dacb4c659f2488d,0xb96abc18d24eeda781f83be55ed737056965944b,33989315209019826424,,,call,32886,0,6,0,
20,12526331,1622252239,0x5e1e74fc63d8b824d91ea00521cd95f22d7a7308ec0a4b232cf4dd7bcdcbf4b4,0xe592427a0aece92de3edee1f18e0157c05861564,0xb96abc18d24eeda781f83be55ed737056965944b,100000000000000000,,,call,58057,0,2_2,0,
21,13149626,1630630281,0x2ea039b013f040b39b4496401ad56278488ac8b0f30f736ec4ea569f4af27409,0x7a250d5630b4cf539739df2c5dacb4c659f2488d,0xb96abc18d24eeda781f83be55ed737056965944b,3184629822721731335,,,call,30509,0,4,0,
22,13322427,1632941826,0xb094db12fed6dd79609916416c29264636c0d87043e6a731c7530f8c5bda7ddd,0xdf9eb223bafbe5c5271415c75aecd68c21fe3d7f,0xb96abc18d24eeda781f83be55ed737056965944b,38000000000000000000,,,call,2300,0,20_0,0,
