,blockNumber,timeStamp,hash,nonce,blockHash,from,contractAddress,to,tokenID,tokenName,tokenSymbol,tokenDecimal,transactionIndex,gas,gasPrice,gasUsed,cumulativeGasUsed,input,confirmations
0,8705665,1570597004,0x49b710b1e7121c9d5d657e3e14d4cbb508087e914d17999bde940c79cd00b611,1289,0x2ed49085736251fd27067414610f3df879122e7bb34ffcbe1bad5549647d4131,0x0000000000000000000000000000000000000000,0xfac7bea255a6990f749363002136af6556b31e04,0x74aa01d162e6dc6a657cac857418c403d48e2d77,20559294141329552603696341938875640137410440752806446107613186762070426623906,Ethereum Name Service,ENS,0,95,291101,1000000001,291101,8053805,deprecated,5363834
1,8737321,1571027336,0xb0227b60b3ae0900fbfa75d609f6fa13759a36ddbd908c2c0c647fc226debaad,46,0x328340d29e3f35cfcc8884fc03d6b1e8da98e4eac061116848c0b114d742cedf,0x0000000000000000000000000000000000000000,0x22c1f6050e56d2876009903609a2cc3fef83b415,0x74aa01d162e6dc6a657cac857418c403d48e2d77,4816,POAP,The Proof of Attendance Protocol,0,38,258922,1010000000,187999,2409316,deprecated,5332178
2,8792514,1571777464,0x287326686446c29856fc1f0ad2ae51bd521a64b5ea190ec0335a35007103f298,322,0x8afbc0d364c526c5f07c3cbc9e1bddfabc408b8948dba45ceb6d4ab42e17d2fb,0x0000000000000000000000000000000000000000,0x65770b5283117639760bea3f867b69b3697a91dd,0x74aa01d162e6dc6a657cac857418c403d48e2d77,7,Unisocks,S0CKS,0,42,185657,11000000000,184580,2442444,deprecated,5276985
3,8792514,1571777464,0x287326686446c29856fc1f0ad2ae51bd521a64b5ea190ec0335a35007103f298,322,0x8afbc0d364c526c5f07c3cbc9e1bddfabc408b8948dba45ceb6d4ab42e17d2fb,0x0000000000000000000000000000000000000000,0x65770b5283117639760bea3f867b69b3697a91dd,0x74aa01d162e6dc6a657cac857418c403d48e2d77,8,Unisocks,S0CKS,0,42,185657,11000000000,184580,2442444,deprecated,5276985
4,8806325,1571966609,0xbccee94ae328ff44c3a77e2b8b76034c699c22b4292d5e791c8783500b1b07a6,80,0x9b6c425fc226fa7a049024800316250607b63b03473829d4b3b8d1e3104e6f83,0x0000000000000000000000000000000000000000,0x0d8c864da1985525e0af0acbeef6562881827bd5,0x74aa01d162e6dc6a657cac857418c403d48e2d77,6378,Pasteurized Cheeze Wizard,,0,12,200908,1875000000,133939,509632,deprecated,5263174
5,8877534,1572956726,0xf6fadbe4917b60ff366f678ee3d1976447bd8dfa8cac4e39ab15e7368a9a9acd,21867,0x20d273fbd04aa6348e1e4fe25c210e726bfec82a469301048daa766c09e48a9e,0x0000000000000000000000000000000000000000,0x629cdec6acc980ebeebea9e5003bcd44db9fc5ce,0x74aa01d162e6dc6a657cac857418c403d48e2d77,29253384,Gods Unchained Cards,CARD,0,50,700000,3000000000,620960,4483075,deprecated,5191965
6,8877534,1572956726,0xf6fadbe4917b60ff366f678ee3d1976447bd8dfa8cac4e39ab15e7368a9a9acd,21867,0x20d273fbd04aa6348e1e4fe25c210e726bfec82a469301048daa766c09e48a9e,0x0000000000000000000000000000000000000000,0x629cdec6acc980ebeebea9e5003bcd44db9fc5ce,0x74aa01d162e6dc6a657cac857418c403d48e2d77,29253385,Gods Unchained Cards,CARD,0,50,700000,3000000000,620960,4483075,deprecated,5191965
7,8877534,1572956726,0xf6fadbe4917b60ff366f678ee3d1976447bd8dfa8cac4e39ab15e7368a9a9acd,21867,0x20d273fbd04aa6348e1e4fe25c210e726bfec82a469301048daa766c09e48a9e,0x0000000000000000000000000000000000000000,0x629cdec6acc980ebeebea9e5003bcd44db9fc5ce,0x74aa01d162e6dc6a657cac857418c403d48e2d77,29253386,Gods Unchained Cards,CARD,0,50,700000,3000000000,620960,4483075,deprecated,5191965
8,8877534,1572956726,0xf6fadbe4917b60ff366f678ee3d1976447bd8dfa8cac4e39ab15e7368a9a9acd,21867,0x20d273fbd04aa6348e1e4fe25c210e726bfec82a469301048daa766c09e48a9e,0x0000000000000000000000000000000000000000,0x629cdec6acc980ebeebea9e5003bcd44db9fc5ce,0x74aa01d162e6dc6a657cac857418c403d48e2d77,29253387,Gods Unchained Cards,CARD,0,50,700000,3000000000,620960,4483075,deprecated,5191965
9,8877534,1572956726,0xf6fadbe4917b60ff366f678ee3d1976447bd8dfa8cac4e39ab15e7368a9a9acd,21867,0x20d273fbd04aa6348e1e4fe25c210e726bfec82a469301048daa766c09e48a9e,0x0000000000000000000000000000000000000000,0x629cdec6acc980ebeebea9e5003bcd44db9fc5ce,0x74aa01d162e6dc6a657cac857418c403d48e2d77,29253388,Gods Unchained Cards,CARD,0,50,700000,3000000000,620960,4483075,deprecated,5191965
10,8877534,1572956726,0xf6fadbe4917b60ff366f678ee3d1976447bd8dfa8cac4e39ab15e7368a9a9acd,21867,0x20d273fbd04aa6348e1e4fe25c210e726bfec82a469301048daa766c09e48a9e,0x0000000000000000000000000000000000000000,0x629cdec6acc980ebeebea9e5003bcd44db9fc5ce,0x74aa01d162e6dc6a657cac857418c403d48e2d77,29253389,Gods Unchained Cards,CARD,0,50,700000,3000000000,620960,4483075,deprecated,5191965
11,8877534,1572956726,0xf6fadbe4917b60ff366f678ee3d1976447bd8dfa8cac4e39ab15e7368a9a9acd,21867,0x20d273fbd04aa6348e1e4fe25c210e726bfec82a469301048daa766c09e48a9e,0x0000000000000000000000000000000000000000,0x629cdec6acc980ebeebea9e5003bcd44db9fc5ce,0x74aa01d162e6dc6a657cac857418c403d48e2d77,29253390,Gods Unchained Cards,CARD,0,50,700000,3000000000,620960,4483075,deprecated,5191965
12,8877534,1572956726,0xf6fadbe4917b60ff366f678ee3d1976447bd8dfa8cac4e39ab15e7368a9a9acd,21867,0x20d273fbd04aa6348e1e4fe25c210e726bfec82a469301048daa766c09e48a9e,0x0000000000000000000000000000000000000000,0x629cdec6acc980ebeebea9e5003bcd44db9fc5ce,0x74aa01d162e6dc6a657cac857418c403d48e2d77,29253391,Gods Unchained Cards,CARD,0,50,700000,3000000000,620960,4483075,deprecated,5191965
13,8877534,1572956726,0xf6fadbe4917b60ff366f678ee3d1976447bd8dfa8cac4e39ab15e7368a9a9acd,21867,0x20d273fbd04aa6348e1e4fe25c210e726bfec82a469301048daa766c09e48a9e,0x0000000000000000000000000000000000000000,0x629cdec6acc980ebeebea9e5003bcd44db9fc5ce,0x74aa01d162e6dc6a657cac857418c403d48e2d77,29253392,Gods Unchained Cards,CARD,0,50,700000,3000000000,620960,4483075,deprecated,5191965
14,8877534,1572956726,0xf6fadbe4917b60ff366f678ee3d1976447bd8dfa8cac4e39ab15e7368a9a9acd,21867,0x20d273fbd04aa6348e1e4fe25c210e726bfec82a469301048daa766c09e48a9e,0x0000000000000000000000000000000000000000,0x629cdec6acc980ebeebea9e5003bcd44db9fc5ce,0x74aa01d162e6dc6a657cac857418c403d48e2d77,29253393,Gods Unchained Cards,CARD,0,50,700000,3000000000,620960,4483075,deprecated,5191965
15,8877534,1572956726,0xf6fadbe4917b60ff366f678ee3d1976447bd8dfa8cac4e39ab15e7368a9a9acd,21867,0x20d273fbd04aa6348e1e4fe25c210e726bfec82a469301048daa766c09e48a9e,0x0000000000000000000000000000000000000000,0x629cdec6acc980ebeebea9e5003bcd44db9fc5ce,0x74aa01d162e6dc6a657cac857418c403d48e2d77,29253394,Gods Unchained Cards,CARD,0,50,700000,3000000000,620960,4483075,deprecated,5191965
16,8877534,1572956726,0xf6fadbe4917b60ff366f678ee3d1976447bd8dfa8cac4e39ab15e7368a9a9acd,21867,0x20d273fbd04aa6348e1e4fe25c210e726bfec82a469301048daa766c09e48a9e,0x0000000000000000000000000000000000000000,0x629cdec6acc980ebeebea9e5003bcd44db9fc5ce,0x74aa01d162e6dc6a657cac857418c403d48e2d77,29253395,Gods Unchained Cards,CARD,0,50,700000,3000000000,620960,4483075,deprecated,5191965
17,8877534,1572956726,0xf6fadbe4917b60ff366f678ee3d1976447bd8dfa8cac4e39ab15e7368a9a9acd,21867,0x20d273fbd04aa6348e1e4fe25c210e726bfec82a469301048daa766c09e48a9e,0x0000000000000000000000000000000000000000,0x629cdec6acc980ebeebea9e5003bcd44db9fc5ce,0x74aa01d162e6dc6a657cac857418c403d48e2d77,29253396,Gods Unchained Cards,CARD,0,50,700000,3000000000,620960,4483075,deprecated,5191965
18,8877534,1572956726,0xf6fadbe4917b60ff366f678ee3d1976447bd8dfa8cac4e39ab15e7368a9a9acd,21867,0x20d273fbd04aa6348e1e4fe25c210e726bfec82a469301048daa766c09e48a9e,0x0000000000000000000000000000000000000000,0x629cdec6acc980ebeebea9e5003bcd44db9fc5ce,0x74aa01d162e6dc6a657cac857418c403d48e2d77,29253397,Gods Unchained Cards,CARD,0,50,700000,3000000000,620960,4483075,deprecated,5191965
19,8877534,1572956726,0xf6fadbe4917b60ff366f678ee3d1976447bd8dfa8cac4e39ab15e7368a9a9acd,21867,0x20d273fbd04aa6348e1e4fe25c210e726bfec82a469301048daa766c09e48a9e,0x0000000000000000000000000000000000000000,0x629cdec6acc980ebeebea9e5003bcd44db9fc5ce,0x74aa01d162e6dc6a657cac857418c403d48e2d77,29253398,Gods Unchained Cards,CARD,0,50,700000,3000000000,620960,4483075,deprecated,5191965
20,8877534,1572956726,0xf6fadbe4917b60ff366f678ee3d1976447bd8dfa8cac4e39ab15e7368a9a9acd,21867,0x20d273fbd04aa6348e1e4fe25c210e726bfec82a469301048daa766c09e48a9e,0x0000000000000000000000000000000000000000,0x629cdec6acc980ebeebea9e5003bcd44db9fc5ce,0x74aa01d162e6dc6a657cac857418c403d48e2d77,29253399,Gods Unchained Cards,CARD,0,50,700000,3000000000,620960,4483075,deprecated,5191965
21,8877534,1572956726,0xf6fadbe4917b60ff366f678ee3d1976447bd8dfa8cac4e39ab15e7368a9a9acd,21867,0x20d273fbd04aa6348e1e4fe25c210e726bfec82a469301048daa766c09e48a9e,0x0000000000000000000000000000000000000000,0x629cdec6acc980ebeebea9e5003bcd44db9fc5ce,0x74aa01d162e6dc6a657cac857418c403d48e2d77,29253400,Gods Unchained Cards,CARD,0,50,700000,3000000000,620960,4483075,deprecated,5191965
22,8877534,1572956726,0xf6fadbe4917b60ff366f678ee3d1976447bd8dfa8cac4e39ab15e7368a9a9acd,21867,0x20d273fbd04aa6348e1e4fe25c210e726bfec82a469301048daa766c09e48a9e,0x0000000000000000000000000000000000000000,0x629cdec6acc980ebeebea9e5003bcd44db9fc5ce,0x74aa01d162e6dc6a657cac857418c403d48e2d77,29253401,Gods Unchained Cards,CARD,0,50,700000,3000000000,620960,4483075,deprecated,5191965
23,8877534,1572956726,0xf6fadbe4917b60ff366f678ee3d1976447bd8dfa8cac4e39ab15e7368a9a9acd,21867,0x20d273fbd04aa6348e1e4fe25c210e726bfec82a469301048daa766c09e48a9e,0x0000000000000000000000000000000000000000,0x629cdec6acc980ebeebea9e5003bcd44db9fc5ce,0x74aa01d162e6dc6a657cac857418c403d48e2d77,29253402,Gods Unchained Cards,CARD,0,50,700000,3000000000,620960,4483075,deprecated,5191965
24,8877534,1572956726,0xf6fadbe4917b60ff366f678ee3d1976447bd8dfa8cac4e39ab15e7368a9a9acd,21867,0x20d273fbd04aa6348e1e4fe25c210e726bfec82a469301048daa766c09e48a9e,0x0000000000000000000000000000000000000000,0x629cdec6acc980ebeebea9e5003bcd44db9fc5ce,0x74aa01d162e6dc6a657cac857418c403d48e2d77,29253403,Gods Unchained Cards,CARD,0,50,700000,3000000000,620960,4483075,deprecated,5191965
25,8877534,1572956726,0xf6fadbe4917b60ff366f678ee3d1976447bd8dfa8cac4e39ab15e7368a9a9acd,21867,0x20d273fbd04aa6348e1e4fe25c210e726bfec82a469301048daa766c09e48a9e,0x0000000000000000000000000000000000000000,0x629cdec6acc980ebeebea9e5003bcd44db9fc5ce,0x74aa01d162e6dc6a657cac857418c403d48e2d77,29253404,Gods Unchained Cards,CARD,0,50,700000,3000000000,620960,4483075,deprecated,5191965
26,8877534,1572956726,0xf6fadbe4917b60ff366f678ee3d1976447bd8dfa8cac4e39ab15e7368a9a9acd,21867,0x20d273fbd04aa6348e1e4fe25c210e726bfec82a469301048daa766c09e48a9e,0x0000000000000000000000000000000000000000,0x629cdec6acc980ebeebea9e5003bcd44db9fc5ce,0x74aa01d162e6dc6a657cac857418c403d48e2d77,29253405,Gods Unchained Cards,CARD,0,50,700000,3000000000,620960,4483075,deprecated,5191965
27,8877534,1572956726,0xf6fadbe4917b60ff366f678ee3d1976447bd8dfa8cac4e39ab15e7368a9a9acd,21867,0x20d273fbd04aa6348e1e4fe25c210e726bfec82a469301048daa766c09e48a9e,0x0000000000000000000000000000000000000000,0x629cdec6acc980ebeebea9e5003bcd44db9fc5ce,0x74aa01d162e6dc6a657cac857418c403d48e2d77,29253406,Gods Unchained Cards,CARD,0,50,700000,3000000000,620960,4483075,deprecated,5191965
28,8877534,1572956726,0xf6fadbe4917b60ff366f678ee3d1976447bd8dfa8cac4e39ab15e7368a9a9acd,21867,0x20d273fbd04aa6348e1e4fe25c210e726bfec82a469301048daa766c09e48a9e,0x0000000000000000000000000000000000000000,0x629cdec6acc980ebeebea9e5003bcd44db9fc5ce,0x74aa01d162e6dc6a657cac857418c403d48e2d77,29253407,Gods Unchained Cards,CARD,0,50,700000,3000000000,620960,4483075,deprecated,5191965
29,8877534,1572956726,0xf6fadbe4917b60ff366f678ee3d1976447bd8dfa8cac4e39ab15e7368a9a9acd,21867,0x20d273fbd04aa6348e1e4fe25c210e726bfec82a469301048daa766c09e48a9e,0x0000000000000000000000000000000000000000,0x629cdec6acc980ebeebea9e5003bcd44db9fc5ce,0x74aa01d162e6dc6a657cac857418c403d48e2d77,29253408,Gods Unchained Cards,CARD,0,50,700000,3000000000,620960,4483075,deprecated,5191965
30,8877534,1572956726,0xf6fadbe4917b60ff366f678ee3d1976447bd8dfa8cac4e39ab15e7368a9a9acd,21867,0x20d273fbd04aa6348e1e4fe25c210e726bfec82a469301048daa766c09e48a9e,0x0000000000000000000000000000000000000000,0x629cdec6acc980ebeebea9e5003bcd44db9fc5ce,0x74aa01d162e6dc6a657cac857418c403d48e2d77,29253409,Gods Unchained Cards,CARD,0,50,700000,3000000000,620960,4483075,deprecated,5191965
31,8877534,1572956726,0xf6fadbe4917b60ff366f678ee3d1976447bd8dfa8cac4e39ab15e7368a9a9acd,21867,0x20d273fbd04aa6348e1e4fe25c210e726bfec82a469301048daa766c09e48a9e,0x0000000000000000000000000000000000000000,0x629cdec6acc980ebeebea9e5003bcd44db9fc5ce,0x74aa01d162e6dc6a657cac857418c403d48e2d77,29253410,Gods Unchained Cards,CARD,0,50,700000,3000000000,620960,4483075,deprecated,5191965
32,8877534,1572956726,0xf6fadbe4917b60ff366f678ee3d1976447bd8dfa8cac4e39ab15e7368a9a9acd,21867,0x20d273fbd04aa6348e1e4fe25c210e726bfec82a469301048daa766c09e48a9e,0x0000000000000000000000000000000000000000,0x629cdec6acc980ebeebea9e5003bcd44db9fc5ce,0x74aa01d162e6dc6a657cac857418c403d48e2d77,29253411,Gods Unchained Cards,CARD,0,50,700000,3000000000,620960,4483075,deprecated,5191965
33,8877534,1572956726,0xf6fadbe4917b60ff366f678ee3d1976447bd8dfa8cac4e39ab15e7368a9a9acd,21867,0x20d273fbd04aa6348e1e4fe25c210e726bfec82a469301048daa766c09e48a9e,0x0000000000000000000000000000000000000000,0x629cdec6acc980ebeebea9e5003bcd44db9fc5ce,0x74aa01d162e6dc6a657cac857418c403d48e2d77,29253412,Gods Unchained Cards,CARD,0,50,700000,3000000000,620960,4483075,deprecated,5191965
34,8877534,1572956726,0xf6fadbe4917b60ff366f678ee3d1976447bd8dfa8cac4e39ab15e7368a9a9acd,21867,0x20d273fbd04aa6348e1e4fe25c210e726bfec82a469301048daa766c09e48a9e,0x0000000000000000000000000000000000000000,0x629cdec6acc980ebeebea9e5003bcd44db9fc5ce,0x74aa01d162e6dc6a657cac857418c403d48e2d77,29253413,Gods Unchained Cards,CARD,0,50,700000,3000000000,620960,4483075,deprecated,5191965
35,8886554,1573081400,0x611fe7137a76ccdbef1b3c5c13d178e637b0ea19586a3e656029db3ae19f9c19,86,0x85d004af02964de4afd87a116656ad32658077936c62e68d9139243a8731a28c,0x0d7b35d672a35cf21f707853810c467fabec6b6b,0x63e7557c5c216f9ce9ab730bc73c7e908a8ed232,0x74aa01d162e6dc6a657cac857418c403d48e2d77,1,Decadent Halloween 13 Items,DCDT13,0,30,154611,1200120000,109611,5275992,deprecated,5182945
36,8946954,1573943133,0xffe28228b7f072e3430a78632b6e2fec8d101c5b17bdbbc1e105fa9f656e0077,22313,0xe97564f4dac8ff49bf07ee3df8f87f01377149bcef9e214e0376b7c09785cb7a,0x0000000000000000000000000000000000000000,0x0e3a2a1f2146d86a604adc220b4967a898d7fe07,0x74aa01d162e6dc6a657cac857418c403d48e2d77,29253384,Gods Unchained Cards,CARD,0,19,3600000,1100000000,2945312,6705749,deprecated,5122545
37,8946954,1573943133,0xffe28228b7f072e3430a78632b6e2fec8d101c5b17bdbbc1e105fa9f656e0077,22313,0xe97564f4dac8ff49bf07ee3df8f87f01377149bcef9e214e0376b7c09785cb7a,0x0000000000000000000000000000000000000000,0x0e3a2a1f2146d86a604adc220b4967a898d7fe07,0x74aa01d162e6dc6a657cac857418c403d48e2d77,29253385,Gods Unchained Cards,CARD,0,19,3600000,1100000000,2945312,6705749,deprecated,5122545
38,8946954,1573943133,0xffe28228b7f072e3430a78632b6e2fec8d101c5b17bdbbc1e105fa9f656e0077,22313,0xe97564f4dac8ff49bf07ee3df8f87f01377149bcef9e214e0376b7c09785cb7a,0x0000000000000000000000000000000000000000,0x0e3a2a1f2146d86a604adc220b4967a898d7fe07,0x74aa01d162e6dc6a657cac857418c403d48e2d77,29253386,Gods Unchained Cards,CARD,0,19,3600000,1100000000,2945312,6705749,deprecated,5122545
39,8946954,1573943133,0xffe28228b7f072e3430a78632b6e2fec8d101c5b17bdbbc1e105fa9f656e0077,22313,0xe97564f4dac8ff49bf07ee3df8f87f01377149bcef9e214e0376b7c09785cb7a,0x0000000000000000000000000000000000000000,0x0e3a2a1f2146d86a604adc220b4967a898d7fe07,0x74aa01d162e6dc6a657cac857418c403d48e2d77,29253387,Gods Unchained Cards,CARD,0,19,3600000,1100000000,2945312,6705749,deprecated,5122545
40,8946954,1573943133,0xffe28228b7f072e3430a78632b6e2fec8d101c5b17bdbbc1e105fa9f656e0077,22313,0xe97564f4dac8ff49bf07ee3df8f87f01377149bcef9e214e0376b7c09785cb7a,0x0000000000000000000000000000000000000000,0x0e3a2a1f2146d86a604adc220b4967a898d7fe07,0x74aa01d162e6dc6a657cac857418c403d48e2d77,29253388,Gods Unchained Cards,CARD,0,19,3600000,1100000000,2945312,6705749,deprecated,5122545
41,8946954,1573943133,0xffe28228b7f072e3430a78632b6e2fec8d101c5b17bdbbc1e105fa9f656e0077,22313,0xe97564f4dac8ff49bf07ee3df8f87f01377149bcef9e214e0376b7c09785cb7a,0x0000000000000000000000000000000000000000,0x0e3a2a1f2146d86a604adc220b4967a898d7fe07,0x74aa01d162e6dc6a657cac857418c403d48e2d77,29253389,Gods Unchained Cards,CARD,0,19,3600000,1100000000,2945312,6705749,deprecated,5122545
42,8946954,1573943133,0xffe28228b7f072e3430a78632b6e2fec8d101c5b17bdbbc1e105fa9f656e0077,22313,0xe97564f4dac8ff49bf07ee3df8f87f01377149bcef9e214e0376b7c09785cb7a,0x0000000000000000000000000000000000000000,0x0e3a2a1f2146d86a604adc220b4967a898d7fe07,0x74aa01d162e6dc6a657cac857418c403d48e2d77,29253390,Gods Unchained Cards,CARD,0,19,3600000,1100000000,2945312,6705749,deprecated,5122545
43,8946954,1573943133,0xffe28228b7f072e3430a78632b6e2fec8d101c5b17bdbbc1e105fa9f656e0077,22313,0xe97564f4dac8ff49bf07ee3df8f87f01377149bcef9e214e0376b7c09785cb7a,0x0000000000000000000000000000000000000000,0x0e3a2a1f2146d86a604adc220b4967a898d7fe07,0x74aa01d162e6dc6a657cac857418c403d48e2d77,29253391,Gods Unchained Cards,CARD,0,19,3600000,1100000000,2945312,6705749,deprecated,5122545
44,8946954,1573943133,0xffe28228b7f072e3430a78632b6e2fec8d101c5b17bdbbc1e105fa9f656e0077,22313,0xe97564f4dac8ff49bf07ee3df8f87f01377149bcef9e214e0376b7c09785cb7a,0x0000000000000000000000000000000000000000,0x0e3a2a1f2146d86a604adc220b4967a898d7fe07,0x74aa01d162e6dc6a657cac857418c403d48e2d77,29253392,Gods Unchained Cards,CARD,0,19,3600000,1100000000,2945312,6705749,deprecated,5122545
45,8946954,1573943133,0xffe28228b7f072e3430a78632b6e2fec8d101c5b17bdbbc1e105fa9f656e0077,22313,0xe97564f4dac8ff49bf07ee3df8f87f01377149bcef9e214e0376b7c09785cb7a,0x0000000000000000000000000000000000000000,0x0e3a2a1f2146d86a604adc220b4967a898d7fe07,0x74aa01d162e6dc6a657cac857418c403d48e2d77,29253393,Gods Unchained Cards,CARD,0,19,3600000,1100000000,2945312,6705749,deprecated,5122545
46,8946954,1573943133,0xffe28228b7f072e3430a78632b6e2fec8d101c5b17bdbbc1e105fa9f656e0077,22313,0xe97564f4dac8ff49bf07ee3df8f87f01377149bcef9e214e0376b7c09785cb7a,0x0000000000000000000000000000000000000000,0x0e3a2a1f2146d86a604adc220b4967a898d7fe07,0x74aa01d162e6dc6a657cac857418c403d48e2d77,29253394,Gods Unchained Cards,CARD,0,19,3600000,1100000000,2945312,6705749,deprecated,5122545
47,8946954,1573943133,0xffe28228b7f072e3430a78632b6e2fec8d101c5b17bdbbc1e105fa9f656e0077,22313,0xe97564f4dac8ff49bf07ee3df8f87f01377149bcef9e214e0376b7c09785cb7a,0x0000000000000000000000000000000000000000,0x0e3a2a1f2146d86a604adc220b4967a898d7fe07,0x74aa01d162e6dc6a657cac857418c403d48e2d77,29253395,Gods Unchained Cards,CARD,0,19,3600000,1100000000,2945312,6705749,deprecated,5122545
48,8946954,1573943133,0xffe28228b7f072e3430a78632b6e2fec8d101c5b17bdbbc1e105fa9f656e0077,22313,0xe97564f4dac8ff49bf07ee3df8f87f01377149bcef9e214e0376b7c09785cb7a,0x0000000000000000000000000000000000000000,0x0e3a2a1f2146d86a604adc220b4967a898d7fe07,0x74aa01d162e6dc6a657cac857418c403d48e2d77,29253396,Gods Unchained Cards,CARD,0,19,3600000,1100000000,2945312,6705749,deprecated,5122545
49,8946954,1573943133,0xffe28228b7f072e3430a78632b6e2fec8d101c5b17bdbbc1e105fa9f656e0077,22313,0xe97564f4dac8ff49bf07ee3df8f87f01377149bcef9e214e0376b7c09785cb7a,0x0000000000000000000000000000000000000000,0x0e3a2a1f2146d86a604adc220b4967a898d7fe07,0x74aa01d162e6dc6a657cac857418c403d48e2d77,29253397,Gods Unchained Cards,CARD,0,19,3600000,1100000000,2945312,6705749,deprecated,5122545
50,8946954,1573943133,0xffe28228b7f072e3430a78632b6e2fec8d101c5b17bdbbc1e105fa9f656e0077,22313,0xe97564f4dac8ff49bf07ee3df8f87f01377149bcef9e214e0376b7c09785cb7a,0x0000000000000000000000000000000000000000,0x0e3a2a1f2146d86a604adc220b4967a898d7fe07,0x74aa01d162e6dc6a657cac857418c403d48e2d77,29253398,Gods Unchained Cards,CARD,0,19,3600000,1100000000,2945312,6705749,deprecated,5122545
51,8946954,1573943133,0xffe28228b7f072e3430a78632b6e2fec8d101c5b17bdbbc1e105fa9f656e0077,22313,0xe97564f4dac8ff49bf07ee3df8f87f01377149bcef9e214e0376b7c09785cb7a,0x0000000000000000000000000000000000000000,0x0e3a2a1f2146d86a604adc220b4967a898d7fe07,0x74aa01d162e6dc6a657cac857418c403d48e2d77,29253399,Gods Unchained Cards,CARD,0,19,3600000,1100000000,2945312,6705749,deprecated,5122545
52,8946954,1573943133,0xffe28228b7f072e3430a78632b6e2fec8d101c5b17bdbbc1e105fa9f656e0077,22313,0xe97564f4dac8ff49bf07ee3df8f87f01377149bcef9e214e0376b7c09785cb7a,0x0000000000000000000000000000000000000000,0x0e3a2a1f2146d86a604adc220b4967a898d7fe07,0x74aa01d162e6dc6a657cac857418c403d48e2d77,29253400,Gods Unchained Cards,CARD,0,19,3600000,1100000000,2945312,6705749,deprecated,5122545
53,8946954,1573943133,0xffe28228b7f072e3430a78632b6e2fec8d101c5b17bdbbc1e105fa9f656e0077,22313,0xe97564f4dac8ff49bf07ee3df8f87f01377149bcef9e214e0376b7c09785cb7a,0x0000000000000000000000000000000000000000,0x0e3a2a1f2146d86a604adc220b4967a898d7fe07,0x74aa01d162e6dc6a657cac857418c403d48e2d77,29253401,Gods Unchained Cards,CARD,0,19,3600000,1100000000,2945312,6705749,deprecated,5122545
54,8946954,1573943133,0xffe28228b7f072e3430a78632b6e2fec8d101c5b17bdbbc1e105fa9f656e0077,22313,0xe97564f4dac8ff49bf07ee3df8f87f01377149bcef9e214e0376b7c09785cb7a,0x0000000000000000000000000000000000000000,0x0e3a2a1f2146d86a604adc220b4967a898d7fe07,0x74aa01d162e6dc6a657cac857418c403d48e2d77,29253402,Gods Unchained Cards,CARD,0,19,3600000,1100000000,2945312,6705749,deprecated,5122545
55,8946954,1573943133,0xffe28228b7f072e3430a78632b6e2fec8d101c5b17bdbbc1e105fa9f656e0077,22313,0xe97564f4dac8ff49bf07ee3df8f87f01377149bcef9e214e0376b7c09785cb7a,0x0000000000000000000000000000000000000000,0x0e3a2a1f2146d86a604adc220b4967a898d7fe07,0x74aa01d162e6dc6a657cac857418c403d48e2d77,29253403,Gods Unchained Cards,CARD,0,19,3600000,1100000000,2945312,6705749,deprecated,5122545
56,8946954,1573943133,0xffe28228b7f072e3430a78632b6e2fec8d101c5b17bdbbc1e105fa9f656e0077,22313,0xe97564f4dac8ff49bf07ee3df8f87f01377149bcef9e214e0376b7c09785cb7a,0x0000000000000000000000000000000000000000,0x0e3a2a1f2146d86a604adc220b4967a898d7fe07,0x74aa01d162e6dc6a657cac857418c403d48e2d77,29253404,Gods Unchained Cards,CARD,0,19,3600000,1100000000,2945312,6705749,deprecated,5122545
57,8946954,1573943133,0xffe28228b7f072e3430a78632b6e2fec8d101c5b17bdbbc1e105fa9f656e0077,22313,0xe97564f4dac8ff49bf07ee3df8f87f01377149bcef9e214e0376b7c09785cb7a,0x0000000000000000000000000000000000000000,0x0e3a2a1f2146d86a604adc220b4967a898d7fe07,0x74aa01d162e6dc6a657cac857418c403d48e2d77,29253405,Gods Unchained Cards,CARD,0,19,3600000,1100000000,2945312,6705749,deprecated,5122545
58,8946954,1573943133,0xffe28228b7f072e3430a78632b6e2fec8d101c5b17bdbbc1e105fa9f656e0077,22313,0xe97564f4dac8ff49bf07ee3df8f87f01377149bcef9e214e0376b7c09785cb7a,0x0000000000000000000000000000000000000000,0x0e3a2a1f2146d86a604adc220b4967a898d7fe07,0x74aa01d162e6dc6a657cac857418c403d48e2d77,29253406,Gods Unchained Cards,CARD,0,19,3600000,1100000000,2945312,6705749,deprecated,5122545
59,8946954,1573943133,0xffe28228b7f072e3430a78632b6e2fec8d101c5b17bdbbc1e105fa9f656e0077,22313,0xe97564f4dac8ff49bf07ee3df8f87f01377149bcef9e214e0376b7c09785cb7a,0x0000000000000000000000000000000000000000,0x0e3a2a1f2146d86a604adc220b4967a898d7fe07,0x74aa01d162e6dc6a657cac857418c403d48e2d77,29253407,Gods Unchained Cards,CARD,0,19,3600000,1100000000,2945312,6705749,deprecated,5122545
60,8946954,1573943133,0xffe28228b7f072e3430a78632b6e2fec8d101c5b17bdbbc1e105fa9f656e0077,22313,0xe97564f4dac8ff49bf07ee3df8f87f01377149bcef9e214e0376b7c09785cb7a,0x0000000000000000000000000000000000000000,0x0e3a2a1f2146d86a604adc220b4967a898d7fe07,0x74aa01d162e6dc6a657cac857418c403d48e2d77,29253408,Gods Unchained Cards,CARD,0,19,3600000,1100000000,2945312,6705749,deprecated,5122545
61,8946954,1573943133,0xffe28228b7f072e3430a78632b6e2fec8d101c5b17bdbbc1e105fa9f656e0077,22313,0xe97564f4dac8ff49bf07ee3df8f87f01377149bcef9e214e0376b7c09785cb7a,0x0000000000000000000000000000000000000000,0x0e3a2a1f2146d86a604adc220b4967a898d7fe07,0x74aa01d162e6dc6a657cac857418c403d48e2d77,29253409,Gods Unchained Cards,CARD,0,19,3600000,1100000000,2945312,6705749,deprecated,5122545
62,8946954,1573943133,0xffe28228b7f072e3430a78632b6e2fec8d101c5b17bdbbc1e105fa9f656e0077,22313,0xe97564f4dac8ff49bf07ee3df8f87f01377149bcef9e214e0376b7c09785cb7a,0x0000000000000000000000000000000000000000,0x0e3a2a1f2146d86a604adc220b4967a898d7fe07,0x74aa01d162e6dc6a657cac857418c403d48e2d77,29253410,Gods Unchained Cards,CARD,0,19,3600000,1100000000,2945312,6705749,deprecated,5122545
63,8946954,1573943133,0xffe28228b7f072e3430a78632b6e2fec8d101c5b17bdbbc1e105fa9f656e0077,22313,0xe97564f4dac8ff49bf07ee3df8f87f01377149bcef9e214e0376b7c09785cb7a,0x0000000000000000000000000000000000000000,0x0e3a2a1f2146d86a604adc220b4967a898d7fe07,0x74aa01d162e6dc6a657cac857418c403d48e2d77,29253411,Gods Unchained Cards,CARD,0,19,3600000,1100000000,2945312,6705749,deprecated,5122545
64,8946954,1573943133,0xffe28228b7f072e3430a78632b6e2fec8d101c5b17bdbbc1e105fa9f656e0077,22313,0xe97564f4dac8ff49bf07ee3df8f87f01377149bcef9e214e0376b7c09785cb7a,0x0000000000000000000000000000000000000000,0x0e3a2a1f2146d86a604adc220b4967a898d7fe07,0x74aa01d162e6dc6a657cac857418c403d48e2d77,29253412,Gods Unchained Cards,CARD,0,19,3600000,1100000000,2945312,6705749,deprecated,5122545
65,8946954,1573943133,0xffe28228b7f072e3430a78632b6e2fec8d101c5b17bdbbc1e105fa9f656e0077,22313,0xe97564f4dac8ff49bf07ee3df8f87f01377149bcef9e214e0376b7c09785cb7a,0x0000000000000000000000000000000000000000,0x0e3a2a1f2146d86a604adc220b4967a898d7fe07,0x74aa01d162e6dc6a657cac857418c403d48e2d77,29253413,Gods Unchained Cards,CARD,0,19,3600000,1100000000,2945312,6705749,deprecated,5122545
66,9121890,1576607690,0xde054b3d590239cfce60c62a57991115c4c90e88ff00bb7f7a98445431233b16,301,0x32a8b46b72db9414343aee00202d55fa90d12510d1d7f1e2e4992c35c583456c,0x0000000000000000000000000000000000000000,0x65770b5283117639760bea3f867b69b3697a91dd,0x74aa01d162e6dc6a657cac857418c403d48e2d77,77,Unisocks,S0CKS,0,188,112401,2000000000,111201,9090918,deprecated,4947609
67,9127834,1576711129,0xf7a8c72ed98167fd416f34b89356de489efa7b93975ef4c819b5310d3a83b79e,153,0x2671a3e3ce3456afc89ff144266d68afaa142f9281dda9eeaaa03c55f32eee3e,0x0000000000000000000000000000000000000000,0xb2b879764c649c7769f7c90845b0cb2a86add821,0x74aa01d162e6dc6a657cac857418c403d48e2d77,39,FDC 1 Week,KEY,0,77,300000,5000000000,151112,5541633,deprecated,4941665
68,9418025,1580844509,0x48a1644f0f09cd5bbf1b8d2d0f728b79b0cbda43934ccd271621b60f62d79a20,18466,0xb840c85389f48cb97965d3bb32a496dec76f2d916be657a4cb987a5b5db96622,0x6109dd117aa5486605fc85e040ab00163a75c662,0x57f1887a8bf19b14fc0df6fd9b2acc9af147ea85,0x74aa01d162e6dc6a657cac857418c403d48e2d77,20559294141329552603696341938875640137410440752806446107613186762070426623906,Ethereum Name Service,ENS,0,6,1914392,2009999999,1622392,9615664,deprecated,4651474
69,9568650,1582846162,0x1177cd59b25c790b93b36977dd9c2265692a9c2aaacf73505735b1415808d363,8532,0x6dd313762c5127a595c92010e354c78fc305a45d5c48ec9aea2879b2bee54aa9,0x0000000000000000000000000000000000000000,0xc20cf2cda05d2355e218cb59f119e3948da65dfa,0x74aa01d162e6dc6a657cac857418c403d48e2d77,13076,MCP Welcome Pack,MCPWP,0,9,8900000,6000000000,2707570,3271278,deprecated,4500849
70,10073599,1589584740,0x8eff3d8b02245993fa135701d7e3a03568202bdbed674be36111468a24d20240,273,0x423e93a0cd1142e35fea3238e2e65ae28ae5a030a1eac0a578f5e04993b7a406,0x0000000000000000000000000000000000000000,0xb98b83027d16f1da8ab54564be4b6a713401cd53,0x74aa01d162e6dc6a657cac857418c403d48e2d77,773828330860425040914282791683120993143031248597,tBTC Deposit Token,TDT,0,51,2645536,16000000000,1692288,5309713,deprecated,3995900
71,10073670,1589585665,0x3eec0d301bdf09fcaa55a2c7f6156c5af0e043488178e1f3dc9e331603708ac1,274,0x54d1341fdba84b1dfcdc49a806ea04ab55e084b29bddce4d958c8db47285f032,0x0000000000000000000000000000000000000000,0xb98b83027d16f1da8ab54564be4b6a713401cd53,0x74aa01d162e6dc6a657cac857418c403d48e2d77,1090232921635034510375947096992825523364621986421,tBTC Deposit Token,TDT,0,100,2583792,16500000144,1652332,7486663,deprecated,3995829
72,12234867,1618358498,0x6075e222c307f4f090c071fb15463da4e260c423518c608b063947f3101b78cd,778,0x2c27c4b3f93988e2adcd608e8ae8a7ff7a13495e443a5e2ce36c5b778ecc2d84,0x74aa01d162e6dc6a657cac857418c403d48e2d77,0x65770b5283117639760bea3f867b69b3697a91dd,0xdcdb7f3778a53b5fccbb516f6501d6440df8d388,77,Unisocks,S0CKS,0,93,144462,121000000000,66308,4610981,deprecated,1834632
73,12369846,1620159289,0xc0fac796f37784b4cf12bc091e6ed3e56cc8a410773a8523a0e1204a5b8cf413,797,0x9ab64638e3f149be8302561fb97c89731cf386e145cc3d93e56839408231f861,0x0000000000000000000000000000000000000000,0xc36442b4a4522e871399cd717abdd847ab11fe88,0x74aa01d162e6dc6a657cac857418c403d48e2d77,6,Uniswap V3: Positions NFT,UNI-V3-POS,0,119,529933,60000000000,454158,8496230,deprecated,1699653
74,12434463,1621021099,0x17571dcc6b13019073efe690b9731dde1caf00f0c7727dbfdd70d989d0ceb2d0,809,0xd43e31b1c31320ad4eb99283822c6c5794abe9b658acb653d1facd61927d637e,0x0000000000000000000000000000000000000000,0xc36442b4a4522e871399cd717abdd847ab11fe88,0x74aa01d162e6dc6a657cac857418c403d48e2d77,13961,Uniswap V3: Positions NFT,UNI-V3-POS,0,60,455664,115000000000,376920,2843278,deprecated,1635036
75,13007257,1628730253,0xfbd9e074c665daa7ee89597005057bddf73e7b12ab29bec95b19c7342ea864f3,872,0x08403475cf2b5e5027528a3191b9bb92e5fe696f23eba330f6de03a03c3596f1,0x0000000000000000000000000000000000000000,0x37f21981afcde1342b8a56d536cfbfe8e4b5d48a,0x74aa01d162e6dc6a657cac857418c403d48e2d77,654,Sunken Squids,SQUIDS,0,182,282675,53608201247,282675,17899291,deprecated,1062242
76,13007257,1628730253,0xfbd9e074c665daa7ee89597005057bddf73e7b12ab29bec95b19c7342ea864f3,872,0x08403475cf2b5e5027528a3191b9bb92e5fe696f23eba330f6de03a03c3596f1,0x0000000000000000000000000000000000000000,0x37f21981afcde1342b8a56d536cfbfe8e4b5d48a,0x74aa01d162e6dc6a657cac857418c403d48e2d77,655,Sunken Squids,SQUIDS,0,182,282675,53608201247,282675,17899291,deprecated,1062242
77,13595829,1636646162,0x42e769d5138c43fd07e018de83d881d74672da3762d5a4b022f186086ff9b667,898,0xf27f4b079ec34b8500ad412cd8293c0067c5f358b300ca874e8be65cf6733864,0x0000000000000000000000000000000000000000,0x6d0de90cdc47047982238fcf69944555d27ecb25,0x74aa01d162e6dc6a657cac857418c403d48e2d77,6656,Regulars,Regulars,0,285,239266,133765838797,233921,19394595,deprecated,473670
78,13602826,1636740899,0xfbac4cd66688cc70a2e0d9ff0f5ed49af94b78e0e9624c72159b277a52b723b6,901,0x120d9136fbbdf7b10579f94c1db2f248b7c377ac0790195bfe515f5ab76c89fd,0x0000000000000000000000000000000000000000,0x6d0de90cdc47047982238fcf69944555d27ecb25,0x74aa01d162e6dc6a657cac857418c403d48e2d77,6933,Regulars,Regulars,0,279,224739,133332022628,219621,18162664,deprecated,466673
79,13616265,1636923653,0x3be778467208b8b91d67668a4bb1e594a2be529a0b7d8e7c6e0ff65d6192c252,28,0x2af99434ce88958eea3252f1404e6a2592be021212a6e989e7a9714b689ed44a,0xd1d10682d0fb865372c9197df73f485ee53a74e7,0x3b3ee1931dc30c1957379fac9aba94d1c48a5405,0x74aa01d162e6dc6a657cac857418c403d48e2d77,13339,Foundation,FND,0,250,160260,95250170116,134312,19983184,deprecated,453234
80,13616279,1636923800,0xee6aee90510d218e039aa79f52241447f39b8bc2425082e730f3d3a0f47bea04,29,0xfd1c78b56eb9a04de4e6da9adb4526e3f7fcc6aa35bb96c23c5d7a7923a7a58c,0xd1d10682d0fb865372c9197df73f485ee53a74e7,0x3b3ee1931dc30c1957379fac9aba94d1c48a5405,0x74aa01d162e6dc6a657cac857418c403d48e2d77,12187,Foundation,FND,0,188,141150,99230875332,117212,11864669,deprecated,453220
81,13842386,1640008080,0xf92a46912f905fc83284d9503399dd562acc713e8c25f9f9934904d082358555,932,0x9c3c2093f7563cc946c4e058489c128063a2a2c67dd4879814c72d1a6c06f91a,0x5e007a59860936787dce0bd9ae550c216e745c43,0xfee84e716845ec7423c863fc72881804f8bd8441,0x74aa01d162e6dc6a657cac857418c403d48e2d77,861,Non-Fungible Olive Gardens,NFOG,0,265,259157,48927695489,194410,22684156,deprecated,227113
82,13859090,1640230897,0xad7edddb245389b72194090d7bb662b0e9f807c398df69a96886d76ef961239c,935,0x5de34cd6e9d0b6140d5505c1b4f6b5c9ca7de5797d82189725e981fbb0eedeab,0x1b6f48cdfa9cbdba165d3435e43f34f3feb8b6c9,0x79fcdef22feed20eddacbb2587640e45491b757f,0x74aa01d162e6dc6a657cac857418c403d48e2d77,4145,mfer,MFER,0,48,299639,85249984148,215950,3553206,deprecated,210409
83,13897256,1640741503,0x7ed409c7db0f79ef1c2925c663c43e63e7b9a51ca7d7f751e61f6107a2fdc245,941,0xb159b936fdcf6ee3fded6f88d9c6a8be97532d9e290529738bd79f2fa264c040,0x38bc7b6a1ccfe29c9bde80a21c46881898561fc3,0x5755ab845ddeab27e1cfce00cd629b2e135acc3d,0x74aa01d162e6dc6a657cac857418c403d48e2d77,3087,Larva Lads,LARVA,0,469,301279,114488236363,217212,27321579,deprecated,172243
84,13897755,1640748171,0xb032fc47040a682c50937cc2d97d30ff44b58e64211caa41c1153f83b544ce7d,911,0x0a16671f182167e73b35a07acb0de9fbb77dd4147243be226a9dc10279521ecb,0x74aa01d162e6dc6a657cac857418c403d48e2d77,0xfee84e716845ec7423c863fc72881804f8bd8441,0x7c9932eed5aa0604ff417b2372b0aa76c5971bd3,861,Non-Fungible Olive Gardens,NFOG,0,166,259204,91322226100,189646,9678519,deprecated,171744
85,13940368,1641318209,0xd7439ce863dfe8675e4d3094c0fa8f7242954c35ec430d59688f41f34d98322d,943,0xb8d2035b4063feacaa47ae5e7ed331b196ee09b472b28220b2739a57df3e0607,0x4bb55ee1432d1f3cb670a400a86d217d4563c158,0x123b30e25973fecd8354dd5f41cc45a3065ef88c,0x74aa01d162e6dc6a657cac857418c403d48e2d77,7446,ALIENFRENS,ALIENFRENS,0,256,297907,179854914651,214618,22799492,deprecated,129131
86,13965867,1641659804,0x0042388bf9f0fc07ce0fb7d520879d3e15acdfcd3db20b719fa8efabbe92b32b,916,0x1be5dcea67950c54add798445375ed4978a9546694cdb09deef202986f16ad85,0x74aa01d162e6dc6a657cac857418c403d48e2d77,0x5755ab845ddeab27e1cfce00cd629b2e135acc3d,0xc4508a4910be065b4c61808f3bf7ffde27d9110f,3087,Larva Lads,LARVA,0,110,297967,186342868329,214664,7776346,deprecated,103632
87,14006473,1642201244,0x0155e9b8c177945ea1d4474113e7eddf97dad19378a8d0606b75afee3834c253,565,0x531dc64357072a573819d39f4dbee4fa5404bc6fd24f2c886ccc58329c4b521d,0xaff777d14dd576144efe700b83485ca64388e725,0xb8da418ffc2cb675b8b3d73dca0e3f10811fbbdd,0x74aa01d162e6dc6a657cac857418c403d48e2d77,244,WE_ARE_KLOUD,KLOUD,0,140,107854,163508913375,98254,11099457,deprecated,63026
