,blockNumber,timeStamp,hash,nonce,blockHash,from,contractAddress,to,value,tokenName,tokenSymbol,tokenDecimal,transactionIndex,gas,gasPrice,gasUsed,cumulativeGasUsed,input,confirmations
0,9255265,1578688212,0xf523b69c6d5aeef60544720e55a29cacf90ab891704992b63ec219e5fa4d0e1a,477,0x9c5b607bd536f21bbce86e6e9a970f5dd6dc98b03dc39523b0d0fe1cc0b4ca8f,0xc4963e94d919651857c4e11e3424e0554e827f7e,0x6b175474e89094c44da98b954eedeac495271d0f,0xb96abc18d24eeda781f83be55ed737056965944b,4500000000000000000000,Dai Stablecoin,DAI,18,38,78027,20000000000,52018,1367232,deprecated,4814233
1,9287787,1579118943,0x7d7d7b959035e484a65299deb0f620f190da68ec47382d8cf3186dc0f7d65576,5,0x1e93daf9bc2974d8d4d2b7e26571d305e0207130a7e8f0298dbabb6ee1e9e064,0xb96abc18d24eeda781f83be55ed737056965944b,0x6b175474e89094c44da98b954eedeac495271d0f,0x65bf64ff5f51272f729bdcd7acfb00677ced86cd,979969146043857712883,Dai Stablecoin,DAI,18,39,1700000,5000000000,639036,6574871,deprecated,4781711
2,9287787,1579118943,0x7d7d7b959035e484a65299deb0f620f190da68ec47382d8cf3186dc0f7d65576,5,0x1e93daf9bc2974d8d4d2b7e26571d305e0207130a7e8f0298dbabb6ee1e9e064,0x65bf64ff5f51272f729bdcd7acfb00677ced86cd,0x408e41876cccdc0f92210600ef50372656052a38,0xb96abc18d24eeda781f83be55ed737056965944b,20000010415036475132557,Republic,REN,18,39,1700000,5000000000,639036,6574871,deprecated,4781711
3,9287892,1579120589,0xf87927ce4eacdca43df87c380e20bdfca7d7cac1fbaf5ab85f573931440c73eb,1835237,0x8188ed0e9628daf667f4dd591fba1657a081e092d9b552151f17454718931a2c,0x564286362092d8e7936f0549571a803b203aaced,0x408e41876cccdc0f92210600ef50372656052a38,0xb96abc18d24eeda781f83be55ed737056965944b,77000000000000000000,Republic,REN,18,3,207128,40000000000,38183,196687,deprecated,4781606
4,9287921,1579120957,0xeb0f0897618b1bf76af505331974901245b938f8b5def934eeff9677b4cef4c9,6,0x85b399a987a7299290ad6e4bc3bf9a5c86f63a963281d13915a8acb9cfa6f4f3,0xb96abc18d24eeda781f83be55ed737056965944b,0x6b175474e89094c44da98b954eedeac495271d0f,0x65bf64ff5f51272f729bdcd7acfb00677ced86cd,3520000000000000000000,Dai Stablecoin,DAI,18,25,1050000,8000000000,404076,2589892,deprecated,4781577
5,9287947,1579121318,0xa2a460bbeac4e91f3abe691fd41012346770eb8c548aa8fb947c9679e225ead4,52,0xa173c0481b69e3859c58019988dcacc9d309d086011b089852831231f9828e2f,0x0f61cc84840511e8c2079e2a55b50f9a43fab645,0x6b175474e89094c44da98b954eedeac495271d0f,0xb96abc18d24eeda781f83be55ed737056965944b,0,Dai Stablecoin,DAI,18,74,42801,2000000000,28534,9625275,deprecated,4781551
6,9288304,1579126143,0x0278842f1fcc769a9a96f763787e58dfa11b0fee3de5364a923c3f9f17956626,7,0xd615b5c71038239296184bcf4034964407d8b34f354a61a50aef2b6c19fefe3c,0x65bf64ff5f51272f729bdcd7acfb00677ced86cd,0x408e41876cccdc0f92210600ef50372656052a38,0xb96abc18d24eeda781f83be55ed737056965944b,20055999539864132717978,Republic,REN,18,69,369600,8000000000,228565,3846440,deprecated,4781194
7,9288576,1579130046,0x34d6f648d1e9f7bfe27a4142cb234a629d896e86cd72234f407b9c8553ab8719,8,0x5124ed795e097f2ea4a44ac5a81000188a31f2b6c80fde676353a06f2a1a9512,0x65bf64ff5f51272f729bdcd7acfb00677ced86cd,0x408e41876cccdc0f92210600ef50372656052a38,0xb96abc18d24eeda781f83be55ed737056965944b,15004465882581166754997,Republic,REN,18,53,369615,7000000000,228577,4231702,deprecated,4780922
8,9368480,1580187348,0x890906ba1516570f1c213abfb12cca8404caffa057507342436961634e1122eb,7140,0x512ff2d21f9d2be0f4e481aaa2c20287ffcf96487b7dc86096a2cc4612baf5c4,0xc12d1c73ee7dc3615ba4e37e4abfdbddfa38907e,0xc12d1c73ee7dc3615ba4e37e4abfdbddfa38907e,0xb96abc18d24eeda781f83be55ed737056965944b,88888800000000,KickToken,KICK,8,6,7000000,1000000000,2728030,3583437,deprecated,4701018
9,9559215,1582721188,0x1b495a1b3919e684a87b79ee55269f6205776ebcf7397d0558269c0649728fd5,5,0x5f317d56d4c04d77b56c8ea666673fec9977daeb5326cbada7a6dcf7acad0174,0x30a224f0d1928b2cb995506e520d8959f0090813,0x6b175474e89094c44da98b954eedeac495271d0f,0xb96abc18d24eeda781f83be55ed737056965944b,900000000000000000000,Dai Stablecoin,DAI,18,80,37018,8000000000,22018,4276375,deprecated,4510283
10,9563671,1582780119,0x38a1067c411cbb7252682609719644669199c3962fda65ae19dc1339506e86ff,14,0x12461a8a893cc2fd59e1850f7581887431e218fda383c69a39ea6110c4390a6f,0xb96abc18d24eeda781f83be55ed737056965944b,0x6b175474e89094c44da98b954eedeac495271d0f,0x0f61cc84840511e8c2079e2a55b50f9a43fab645,900030853956142287117,Dai Stablecoin,DAI,18,57,42801,8000000000,22042,3056120,deprecated,4505827
11,9642660,1583829035,0x11ccdf15df9756b7d3ba313308ede71b00e4c97b92689f1235c9a86f9a5b5765,10,0xa0ddc4734ce2c6dc04e53f3752fccdab6bad0e3428d5169374cdb6c8baa09098,0x14c436e9a41a3e8cd365621fab43b57bba7a39c8,0x408e41876cccdc0f92210600ef50372656052a38,0xb96abc18d24eeda781f83be55ed737056965944b,100000000000000000000000,Republic,REN,18,40,314098,10000000000,214098,1676799,deprecated,4426838
12,9747697,1585234807,0x77cf1afd7b71841d50f184acdb16e4319e03b6f82384ba14b90b060913a96739,81,0xe79880120c63abe615223cc5559bfe7ee3d72976ae6716f3465cc37b4e59391d,0x48552ef0fc4ad89cb211da2fc142db469e09c168,0x6b175474e89094c44da98b954eedeac495271d0f,0xb96abc18d24eeda781f83be55ed737056965944b,113000000000000000000,Dai Stablecoin,DAI,18,153,192388,10000000000,109837,4774268,deprecated,4321801
13,10015074,1588800099,0xaf8e02206a867de120bb62c543ec361e3d80f8759b0ea2c5ec2dd00664468a7b,482,0x6c3935b6515eb0a442c438bc59ef30f4866ef791c722dda5f261f4155b8b7b6b,0x11e4857bb9993a50c685a79afad4e6f65d518dda,0x6b175474e89094c44da98b954eedeac495271d0f,0xb96abc18d24eeda781f83be55ed737056965944b,1500000000000000000000,Dai Stablecoin,DAI,18,50,55527,10000000000,37018,2884310,deprecated,4054424
14,10015735,1588809091,0x74220a0ce9c44e116bc3b1cc1e6e8481de8d1c0932b840281ce18660487919a5,16,0xb05718ebfe39e7494029f24b93922315208df9113f6da3f3803b98042ceffc3d,0xb96abc18d24eeda781f83be55ed737056965944b,0x6b175474e89094c44da98b954eedeac495271d0f,0x41c20fac9c4ad0da86698b82fd7391bf5ef76c0d,1000000000000000000000,Dai Stablecoin,DAI,18,111,78027,8000000000,52018,8581264,deprecated,4053763
15,10060551,1589409208,0xb5b06310882e5a7a0252d3e3f3b1ba66a72dd286bd1f787fbe61e7e24f6445f5,115,0x35e3bc3a5d3bea9eec316e879ba933c3a2fb6dd051d77e8a903d80f7602428f3,0x0f61cc84840511e8c2079e2a55b50f9a43fab645,0xa0b86991c6218b36c1d19d4a2e9eb0ce3606eb48,0xb96abc18d24eeda781f83be55ed737056965944b,1000000000,USD Coin,USDC,6,178,87735,16000000000,58001,9236785,deprecated,4008947
16,10060679,1589411030,0xee29b2a9306dab868b53919836c4a81feca435de6902c230c291b576ec9fa680,19,0x964a9ef6abc42c81c6ac157d66ccc8eed32b334fee6afd0ea068953b920fcb97,0xb96abc18d24eeda781f83be55ed737056965944b,0xa0b86991c6218b36c1d19d4a2e9eb0ce3606eb48,0x07f068ca326a469fc1d87d85d448990c8cba7df9,100000000,USD Coin,USDC,6,59,3011265,16000000000,2716324,7195268,deprecated,4008819
17,10060679,1589411030,0xee29b2a9306dab868b53919836c4a81feca435de6902c230c291b576ec9fa680,19,0x964a9ef6abc42c81c6ac157d66ccc8eed32b334fee6afd0ea068953b920fcb97,0xb96abc18d24eeda781f83be55ed737056965944b,0x408e41876cccdc0f92210600ef50372656052a38,0x07f068ca326a469fc1d87d85d448990c8cba7df9,1300000000000000000000,Republic,REN,18,59,3011265,16000000000,2716324,7195268,deprecated,4008819
18,10060679,1589411030,0xee29b2a9306dab868b53919836c4a81feca435de6902c230c291b576ec9fa680,19,0x964a9ef6abc42c81c6ac157d66ccc8eed32b334fee6afd0ea068953b920fcb97,0x0000000000000000000000000000000000000000,0x07f068ca326a469fc1d87d85d448990c8cba7df9,0xb96abc18d24eeda781f83be55ed737056965944b,360555127545398,Uniswap V2,UNI-V2,18,59,3011265,16000000000,2716324,7195268,deprecated,4008819
19,10060752,1589411997,0xe1cb780060993757237ddc0ff6b49560ca418ec3f460980d110c110dce455081,20,0x339ffa739ece60c51f52eebb8f5e36327e529964927f39720a18c489571a6a5d,0xb96abc18d24eeda781f83be55ed737056965944b,0xa0b86991c6218b36c1d19d4a2e9eb0ce3606eb48,0xb4e16d0168e52d35cacd2c6185b44281ec28c9dc,100000,USD Coin,USDC,6,23,178570,16000000000,137055,1810934,deprecated,4008746
20,10095896,1589884819,0x76466d437560eb838d593e8d791f4f2d146758a84ae0e1bccd54397b883680b3,23,0x732859e87cdf86957d02e946db3be34a97935e2124dcf0c5e3056776d8670ceb,0xb96abc18d24eeda781f83be55ed737056965944b,0xa0b86991c6218b36c1d19d4a2e9eb0ce3606eb48,0x97dec872013f6b5fb443861090ad931542878126,899900000,USD Coin,USDC,6,114,127894,33000000000,99837,6607764,deprecated,3973602
21,10095896,1589884819,0x76466d437560eb838d593e8d791f4f2d146758a84ae0e1bccd54397b883680b3,23,0x732859e87cdf86957d02e946db3be34a97935e2124dcf0c5e3056776d8670ceb,0x43892992b0b102459e895b88601bb2c76736942c,0x408e41876cccdc0f92210600ef50372656052a38,0xb96abc18d24eeda781f83be55ed737056965944b,10085247973024635905814,Republic,REN,18,114,127894,33000000000,99837,6607764,deprecated,3973602
22,10205287,1591354037,0x48864fc93f22e833832017910272a6d6bd2e7af0770cb8446627e4c6b5e9d3c5,2261098,0x5839fdba7fd89968a5aee5f61e214813a79f746df0a5588b154e22792dd375f6,0xd551234ae421e3bcba99a0da6d736074f22192ff,0x408e41876cccdc0f92210600ef50372656052a38,0xb96abc18d24eeda781f83be55ed737056965944b,19066349600000000000000,Republic,REN,18,62,207128,50000000000,38195,2722332,deprecated,3864211
23,10205335,1591354585,0x077db7d5d6a9028844a570378432a9569972bc3c28964bf2ac6b2e0309cef0bb,4450626,0x05fc4cf4f9f47826f709de8e100fecbe0189a7c4f2b04f86052058dcc3baecdc,0x3f5ce5fbfe3e9af3971dd833d26ba9b5c936f0be,0x408e41876cccdc0f92210600ef50372656052a38,0xb96abc18d24eeda781f83be55ed737056965944b,5097884000000000000000,Republic,REN,18,17,207128,50000000000,38195,458423,deprecated,3864163
24,10205355,1591354887,0xd88465c68ba5c76332c963f945dd900a6e6f5a5e98fbaaa66fb6ca1dd7346554,120,0x5f780925b3a796af67176db0a060400bf0a3f908aff24449b9e19327815f3e80,0x0f61cc84840511e8c2079e2a55b50f9a43fab645,0x408e41876cccdc0f92210600ef50372656052a38,0xb96abc18d24eeda781f83be55ed737056965944b,11969967080275171846322,Republic,REN,18,145,57328,34000000000,23219,9682472,deprecated,3864143
25,10205513,1591357268,0x421e9b3a70160d8f910d9db5694d76edda7636556b32de73ab3eeec177806589,25,0xf063e970bf5f9cb8f896764b229db0c85bc5c3044126c1d6c6ecc59df14a39f1,0xb96abc18d24eeda781f83be55ed737056965944b,0x408e41876cccdc0f92210600ef50372656052a38,0x60ab11fe605d2a2c3cf351824816772a131f8782,100000000000000000000000,Republic,REN,18,108,500000,22500000000,385589,8051654,deprecated,3863985
26,10282434,1592386269,0xf868e053bae6b1fab93b13e821a06b85b65ad49c3f5fcb38ac94d84e0b9621e9,29,0xed62ca8898a91e7a45b99de0896e0a8776e8a51c4688b3cc16ec6532a1f98a7a,0xb96abc18d24eeda781f83be55ed737056965944b,0x408e41876cccdc0f92210600ef50372656052a38,0x60ab11fe605d2a2c3cf351824816772a131f8782,100000000000000000000000,Republic,REN,18,115,500000,40000000000,385565,6205484,deprecated,3787064
27,10291223,1592503835,0x3a9061e57f752f44310cdeeddc586525792fc0bb3df475d5af13a17fe2294136,32,0x6f213ec1099f135765217017398ac35c32b087db6c5c14f531656b305ad90ac1,0xb96abc18d24eeda781f83be55ed737056965944b,0x6b175474e89094c44da98b954eedeac495271d0f,0xd55684f4369040c12262949ff78299f2bc9db735,20000000000000000000,Dai Stablecoin,DAI,18,58,537262,34000000000,425245,7697330,deprecated,3778275
28,10291223,1592503835,0x3a9061e57f752f44310cdeeddc586525792fc0bb3df475d5af13a17fe2294136,32,0x6f213ec1099f135765217017398ac35c32b087db6c5c14f531656b305ad90ac1,0x0000000000000000000000000000000000000000,0xe2f2a5c287993345a840db3b0845fbc70f5935a5,0xb96abc18d24eeda781f83be55ed737056965944b,20000000000000000000,mStable USD,mUSD,18,58,537262,34000000000,425245,7697330,deprecated,3778275
29,10291271,1592504434,0xe1bbe52e7982c8c79139fcaa6e566d2d8996d1c04c9901bd4fe8bb184b158520,34,0xd5e9275023e07ef20a1c85747dd5bd69a6a6f2ca947fea9e84ee6cd30553d6ff,0xb96abc18d24eeda781f83be55ed737056965944b,0xe2f2a5c287993345a840db3b0845fbc70f5935a5,0xcf3f73290803fc04425bee135a4caeb2bab2c2a1,10000000000000000000,mStable USD,mUSD,18,132,541060,36000000000,482064,6738407,deprecated,3778227
30,10291305,1592504886,0x63257c592d24fb614ac822699894f2fe20014258f23768815c289e1bc87b112f,35,0xacda02e12f1737b09b4ea11489d7a10897564cf1d2bae506dd375c4d5013943f,0xcf3f73290803fc04425bee135a4caeb2bab2c2a1,0xe2f2a5c287993345a840db3b0845fbc70f5935a5,0xb96abc18d24eeda781f83be55ed737056965944b,9999999999999999998,mStable USD,mUSD,18,139,69348,28000000000,63044,9753053,deprecated,3778193
31,10291349,1592505390,0xb664b2cb5c387fa3860f2666113a8e31270614635563613198fdee5401925b08,36,0xebafe33665c6b9435beccece6e601fca6359ef655308fce2aaf7ecf04b2cc44d,0xb96abc18d24eeda781f83be55ed737056965944b,0xe2f2a5c287993345a840db3b0845fbc70f5935a5,0x0000000000000000000000000000000000000000,19999999999999999998,mStable USD,mUSD,18,38,1816153,25000000000,1469993,6403395,deprecated,3778149
32,10291349,1592505390,0xb664b2cb5c387fa3860f2666113a8e31270614635563613198fdee5401925b08,36,0xebafe33665c6b9435beccece6e601fca6359ef655308fce2aaf7ecf04b2cc44d,0xd55684f4369040c12262949ff78299f2bc9db735,0x6b175474e89094c44da98b954eedeac495271d0f,0xb96abc18d24eeda781f83be55ed737056965944b,4981200134474239,Dai Stablecoin,DAI,18,38,1816153,25000000000,1469993,6403395,deprecated,3778149
33,10291349,1592505390,0xb664b2cb5c387fa3860f2666113a8e31270614635563613198fdee5401925b08,36,0xebafe33665c6b9435beccece6e601fca6359ef655308fce2aaf7ecf04b2cc44d,0xd55684f4369040c12262949ff78299f2bc9db735,0xa0b86991c6218b36c1d19d4a2e9eb0ce3606eb48,0xb96abc18d24eeda781f83be55ed737056965944b,1130785,USD Coin,USDC,6,38,1816153,25000000000,1469993,6403395,deprecated,3778149
34,10291349,1592505390,0xb664b2cb5c387fa3860f2666113a8e31270614635563613198fdee5401925b08,36,0xebafe33665c6b9435beccece6e601fca6359ef655308fce2aaf7ecf04b2cc44d,0xf617346a0fb6320e9e578e0c9b2a4588283d9d39,0x0000000000085d4780b73119b644ae5ecd22b376,0xb96abc18d24eeda781f83be55ed737056965944b,3864752590708962639,TrueUSD,TUSD,18,38,1816153,25000000000,1469993,6403395,deprecated,3778149
35,10291349,1592505390,0xb664b2cb5c387fa3860f2666113a8e31270614635563613198fdee5401925b08,36,0xebafe33665c6b9435beccece6e601fca6359ef655308fce2aaf7ecf04b2cc44d,0xf617346a0fb6320e9e578e0c9b2a4588283d9d39,0xdac17f958d2ee523a2206206994597c13d831ec7,0xb96abc18d24eeda781f83be55ed737056965944b,14999480,Tether USD,USDT,6,38,1816153,25000000000,1469993,6403395,deprecated,3778149
36,10338385,1593134202,0x7c3d686437b4662609bd78f31473ea7784727514eb9bbe33525ca65602b211d1,80,0x0c26d0d36997aa5dffedb61a522ac879b95e69a17f9e6f7bfa3d9106c511ff38,0xd8bae7d96df905e46718b6cee3410f535e11bf20,0xe2f2a5c287993345a840db3b0845fbc70f5935a5,0xb96abc18d24eeda781f83be55ed737056965944b,50000000000000000000,mStable USD,mUSD,18,157,82282,30000000000,54420,7473956,deprecated,3731113
37,10586507,1596453558,0xe535150a558ec390e9994c01437d6346475887bb45e916b8e785373201c8e442,37,0xf32d8d034d70f3b545eaf86abed6772bedb17e458a1cbd5ea1b5b7aea26168ad,0xe33417797d6b8aec9171d0d6516e88002fbe23e7,0xeb4c2781e4eba804ce9a9803c67d0893436bb27d,0xb96abc18d24eeda781f83be55ed737056965944b,303210,renBTC,renBTC,8,62,135427,63000000000,75285,4849746,deprecated,3482991
38,10586512,1596453637,0x624f4f0c3219a49a6ff121d7aeb49e90fc53c8054a5a79645d2238cfd6a1c8a5,38,0xbb9600360041a0271932f04025eede538664afded964c95e9a72fb867663c2ea,0xb96abc18d24eeda781f83be55ed737056965944b,0xeb4c2781e4eba804ce9a9803c67d0893436bb27d,0x0000000000000000000000000000000000000000,303210,renBTC,renBTC,8,207,124407,63000000000,67074,12032199,deprecated,3482986
39,10586552,1596454150,0xd430d52eecd4df61cf138a2715cf68fa16df1194a8c16cc3608435388da058f9,40,0x266f42e30c83a56268c4ea2f3cad8170d07f8c9e4796a0ad8c0ee65b8e2c32ab,0xe33417797d6b8aec9171d0d6516e88002fbe23e7,0xeb4c2781e4eba804ce9a9803c67d0893436bb27d,0xb96abc18d24eeda781f83be55ed737056965944b,303210,renBTC,renBTC,8,167,135445,63019999999,75297,12371132,deprecated,3482946
40,10586556,1596454205,0xc35283a1931f1837f5d9a704b031e60e27304cc06a4eeeaf99ba502d27f6deed,41,0x693e4b02cb5536c0842583c662fb6e8cce5632612e5cdc627b9461a07967df27,0xb96abc18d24eeda781f83be55ed737056965944b,0xeb4c2781e4eba804ce9a9803c67d0893436bb27d,0x0000000000000000000000000000000000000000,303210,renBTC,renBTC,8,26,124407,63019999999,67074,1340974,deprecated,3482942
41,10876403,1600302787,0x3c07d6a86f567f72d50dc1ef4ef05d48d2ec392d58d901e02120bd20ffbbf64e,43,0x7a6d58d8b21e91656b7d9e3402f26b7d0f8eab3e2221dce5b9be4c58052b9dc1,0x090d4613473dee047c3f2706764f49e0821d256e,0x1f9840a85d5af5bf1d1762f925bdaddc4201f984,0xb96abc18d24eeda781f83be55ed737056965944b,420450768000000000000,Uniswap,UNI,18,61,106498,82000000000,96817,5450798,deprecated,3193095
42,10921616,1600901724,0xb167ac9fe1b6ad459d0aeb1f475e0bfe77bbaad1e9357457a0d8399044f40e27,45,0xfed759dea1e7608ce43e56fab25b1fd962470091a41c9552f2590459cae1b0be,0xb96abc18d24eeda781f83be55ed737056965944b,0x6b175474e89094c44da98b954eedeac495271d0f,0xebdb626c95a25f4e304336b1adcad0521a1bdca1,4750000000000000000,Dai Stablecoin,DAI,18,144,350000,66000000000,251679,12309347,deprecated,3147882
43,10921616,1600901724,0xb167ac9fe1b6ad459d0aeb1f475e0bfe77bbaad1e9357457a0d8399044f40e27,45,0xfed759dea1e7608ce43e56fab25b1fd962470091a41c9552f2590459cae1b0be,0xb96abc18d24eeda781f83be55ed737056965944b,0x6b175474e89094c44da98b954eedeac495271d0f,0x4bf66e52f3009cd138e48f142d47661037160001,4750000000000000000,Dai Stablecoin,DAI,18,144,350000,66000000000,251679,12309347,deprecated,3147882
44,10921616,1600901724,0xb167ac9fe1b6ad459d0aeb1f475e0bfe77bbaad1e9357457a0d8399044f40e27,45,0xfed759dea1e7608ce43e56fab25b1fd962470091a41c9552f2590459cae1b0be,0xb96abc18d24eeda781f83be55ed737056965944b,0x6b175474e89094c44da98b954eedeac495271d0f,0x663d3947f03ef5b387992b880ac85940057c13e3,4750000000000000000,Dai Stablecoin,DAI,18,144,350000,66000000000,251679,12309347,deprecated,3147882
45,10921616,1600901724,0xb167ac9fe1b6ad459d0aeb1f475e0bfe77bbaad1e9357457a0d8399044f40e27,45,0xfed759dea1e7608ce43e56fab25b1fd962470091a41c9552f2590459cae1b0be,0xb96abc18d24eeda781f83be55ed737056965944b,0x6b175474e89094c44da98b954eedeac495271d0f,0xcbec15583a21c3ddad5fab658be5b4fe85df730b,4750000000000000000,Dai Stablecoin,DAI,18,144,350000,66000000000,251679,12309347,deprecated,3147882
46,10921616,1600901724,0xb167ac9fe1b6ad459d0aeb1f475e0bfe77bbaad1e9357457a0d8399044f40e27,45,0xfed759dea1e7608ce43e56fab25b1fd962470091a41c9552f2590459cae1b0be,0xb96abc18d24eeda781f83be55ed737056965944b,0x6b175474e89094c44da98b954eedeac495271d0f,0x694c7ca85584d550b36c044e10d3a7b30d85e7f7,4750000000000000000,Dai Stablecoin,DAI,18,144,350000,66000000000,251679,12309347,deprecated,3147882
47,10921616,1600901724,0xb167ac9fe1b6ad459d0aeb1f475e0bfe77bbaad1e9357457a0d8399044f40e27,45,0xfed759dea1e7608ce43e56fab25b1fd962470091a41c9552f2590459cae1b0be,0xb96abc18d24eeda781f83be55ed737056965944b,0x6b175474e89094c44da98b954eedeac495271d0f,0x8c28cf33d9fd3d0293f963b1cd27e3ff422b425c,95000000000000000000,Dai Stablecoin,DAI,18,144,350000,66000000000,251679,12309347,deprecated,3147882
48,10921616,1600901724,0xb167ac9fe1b6ad459d0aeb1f475e0bfe77bbaad1e9357457a0d8399044f40e27,45,0xfed759dea1e7608ce43e56fab25b1fd962470091a41c9552f2590459cae1b0be,0xb96abc18d24eeda781f83be55ed737056965944b,0x6b175474e89094c44da98b954eedeac495271d0f,0x8df168a41c3a3c6be0e9208d5027ea80f2c5ba25,4750000000000000000,Dai Stablecoin,DAI,18,144,350000,66000000000,251679,12309347,deprecated,3147882
49,10921616,1600901724,0xb167ac9fe1b6ad459d0aeb1f475e0bfe77bbaad1e9357457a0d8399044f40e27,45,0xfed759dea1e7608ce43e56fab25b1fd962470091a41c9552f2590459cae1b0be,0xb96abc18d24eeda781f83be55ed737056965944b,0x6b175474e89094c44da98b954eedeac495271d0f,0x8b3765eda5207fb21690874b722ae276b96260e0,4750000000000000000,Dai Stablecoin,DAI,18,144,350000,66000000000,251679,12309347,deprecated,3147882
50,10921616,1600901724,0xb167ac9fe1b6ad459d0aeb1f475e0bfe77bbaad1e9357457a0d8399044f40e27,45,0xfed759dea1e7608ce43e56fab25b1fd962470091a41c9552f2590459cae1b0be,0xb96abc18d24eeda781f83be55ed737056965944b,0x6b175474e89094c44da98b954eedeac495271d0f,0x00de4b13153673bcae2616b67bf822500d325fc3,6750000000000000000,Dai Stablecoin,DAI,18,144,350000,66000000000,251679,12309347,deprecated,3147882
51,10965579,1601493540,0xb984cd3458356d17aba46798620ba705d2d1016ff5f9f22443bac3336f4e364c,46,0xdef3d64169d7031d893ef04e92e462e59020322357310688033603828c0ab170,0x2d7b6c95afeffa50c068d50f89c5c0014e054f0a,0x408e41876cccdc0f92210600ef50372656052a38,0xb96abc18d24eeda781f83be55ed737056965944b,100000000000000000000000,Republic,REN,18,32,304138,70000000000,100003,3202294,deprecated,3103919
52,10982631,1601723137,0x003c53a4988835422030f00ecde0b46330078bf2447cab8b4ce8f54f7906355c,47,0xc8b4eb90eb6badb180e3576b0c687231b63a65814be231820f474cb83a3a6f9a,0x2d7b6c95afeffa50c068d50f89c5c0014e054f0a,0x408e41876cccdc0f92210600ef50372656052a38,0xb96abc18d24eeda781f83be55ed737056965944b,100000000000000000000000,Republic,REN,18,98,304120,41000000000,99997,8516101,deprecated,3086867
53,11409008,1607388893,0xeb07d795c456e503375c25756bc924c64a0dd85f42a024e8697968dd345453b0,48,0x28a153590be2a60ea6e189dacdd087acd782d9f7a3f694af34a9818b10e3fe9a,0xb96abc18d24eeda781f83be55ed737056965944b,0x6b175474e89094c44da98b954eedeac495271d0f,0x097bde9300aba0703e8d851e1fdca03870453c66,415000000000000000000,Dai Stablecoin,DAI,18,77,78009,39000000000,52006,3166450,deprecated,2660490
54,11778353,1612289336,0x241f0752c79131a8208c70be03297a07a31276edbfd52ff2e1dcfcdd4ab12140,55,0xd52ec15f5bcbdcfd3c29ad28e392fe5efe9009b6f1aebc9be1450f2c97e0590d,0x2a398bba1236890fb6e9698a698a393bb8ee8674,0x09a3ecafa817268f77be1283176b946c4ff2e608,0xb96abc18d24eeda781f83be55ed737056965944b,220036552520200076952,Wrapped MIR Token,MIR,18,94,75996,132000000000,75996,10462977,deprecated,2291145
55,11797858,1612548894,0x04385f8e9e5defb626450639397b6c74c705494c63785e23902f61738cd97826,57,0x3f51eb88c62c06296293b0d472352de7a2a1a07df0370b3d261acf007a38eae1,0xb96abc18d24eeda781f83be55ed737056965944b,0x408e41876cccdc0f92210600ef50372656052a38,0x8bd1661da98ebdd3bd080f0be4e6d9be8ce9858c,20000000000000000000000,Republic,REN,18,180,169162,180000000000,128502,10132987,deprecated,2271640
56,11838411,1613087638,0xfdb273ce1939ee77087110bec5c6f88475d9249143b8309ce0429707a86c6088,58,0x2f6db544efc6841fa08e5e49ff6233960fb59a1324e2c605270d5a4a54396d60,0xb96abc18d24eeda781f83be55ed737056965944b,0x09a3ecafa817268f77be1283176b946c4ff2e608,0x0f61cc84840511e8c2079e2a55b50f9a43fab645,0,Wrapped MIR Token,MIR,18,261,41743,171000000000,27829,12407976,deprecated,2231087
57,11838449,1613088115,0x87426278420cdd036bba7589e299d91094ab7c60b1c7a26d2f394b7d0b0c5bc5,59,0x80a85f5e2e1a06f9a8c9ae88fba069b104f3f3189e3cdaf3045a318d5ab4bf97,0xb96abc18d24eeda781f83be55ed737056965944b,0x09a3ecafa817268f77be1283176b946c4ff2e608,0x0f61cc84840511e8c2079e2a55b50f9a43fab645,220036552520200076952,Wrapped MIR Token,MIR,18,224,54505,164000000000,21337,12347899,deprecated,2231049
58,12089494,1616427986,0x1cc1307ad9f01c5b0c0df89b542c500829341c1d40d398ccffe6ef678b4bc2d4,60,0x62dbefd73d0f56ff02dcbebfc468017830197fc8ecbf495c9af67519288a5227,0xb96abc18d24eeda781f83be55ed737056965944b,0x408e41876cccdc0f92210600ef50372656052a38,0x8bd1661da98ebdd3bd080f0be4e6d9be8ce9858c,30000000000000000000000,Republic,REN,18,161,222274,237000000000,191498,10807379,deprecated,1980004
59,12089494,1616427986,0x1cc1307ad9f01c5b0c0df89b542c500829341c1d40d398ccffe6ef678b4bc2d4,60,0x62dbefd73d0f56ff02dcbebfc468017830197fc8ecbf495c9af67519288a5227,0xc730ef0f4973da9cc0ab8ab291890d3e77f58f79,0x18aaa7115705e8be94bffebde57af9bfc265b998,0xb96abc18d24eeda781f83be55ed737056965944b,16869177349664581471662,Audius,AUDIO,18,161,222274,237000000000,191498,10807379,deprecated,1980004
60,12179609,1617624855,0xea7dbdc80646e35061d9a098c81b20b24d3c4f1c7ffb49779f0b85a209009584,67,0x676c5dc0d0d31246c27e682a6306bd0456a342bc0231144a9afd6c51c75be591,0xb96abc18d24eeda781f83be55ed737056965944b,0x408e41876cccdc0f92210600ef50372656052a38,0x8bd1661da98ebdd3bd080f0be4e6d9be8ce9858c,30000000000000000000000,Republic,REN,18,0,169162,99000000000,128502,128502,deprecated,1889889
61,12179844,1617628144,0x7c3dacffe050c72b16fb01a6cebc91f7646b260878e2b0b345e6a9e84b85b27b,69,0xd1514ccb221d4104abeda3b46fe84a1604f12705af6256b9f99cec2ab4aa6744,0xb96abc18d24eeda781f83be55ed737056965944b,0x408e41876cccdc0f92210600ef50372656052a38,0xcc12abe4ff81c9378d670de1b57f8e0dd228d77a,120056924490781582357668,Republic,REN,18,129,293733,126000000000,207833,9192422,deprecated,1889654
62,12179844,1617628144,0x7c3dacffe050c72b16fb01a6cebc91f7646b260878e2b0b345e6a9e84b85b27b,69,0xd1514ccb221d4104abeda3b46fe84a1604f12705af6256b9f99cec2ab4aa6744,0x0000000000000000000000000000000000000000,0xcc12abe4ff81c9378d670de1b57f8e0dd228d77a,0xb96abc18d24eeda781f83be55ed737056965944b,120056924490781582357668,Aave interest bearing REN,aREN,18,129,293733,126000000000,207833,9192422,deprecated,1889654
63,12179855,1617628327,0x734ae10635b560f18c69444f45b7cc3a7d403e6c35761a7f6f40638d16f08e89,71,0xe5cb4673775ef3e76c757112dd7c84ed15e387f652e164359af5732af0afbbe3,0x0000000000000000000000000000000000000000,0xf63b34710400cad3e044cffdcab00a0f32e33ecf,0xb96abc18d24eeda781f83be55ed737056965944b,13616174119201307000,Aave variable debt bearing WETH,variableDebtWETH,18,64,398430,140000000000,285089,4532363,deprecated,1889643
64,12180110,1617632051,0x4261e9d5edd742e52000240e5d95c1733a30dd96c368a671043e5d1a71edd320,72,0x26e45187a7427aa9696016dd252cb6a411128934c97ac6d1480b0c08f289df77,0x0000000000000000000000000000000000000000,0x5f98805a4e8be255a32880fdec7f6728c6568ba0,0xb96abc18d24eeda781f83be55ed737056965944b,39601990049751243781095,LUSD Stablecoin,LUSD,18,262,510750,204000000000,482313,12278967,deprecated,1889388
65,12180127,1617632218,0x84ac73906f92a3e0c825f766efbf0933eadc90ca61e976eaf3287dc0704bbed8,73,0xea9069c44f63ed6a1c74d4afad2cb411881fd443c260d036d1cefda1fd084109,0xd8c9d9071123a059c6e0a945cf0e0c82b508d816,0x6dea81c8171d0ba574754ef6f8b412f2ed88c54d,0xb96abc18d24eeda781f83be55ed737056965944b,0,LQTY,LQTY,18,136,274237,187000000000,207903,9439017,deprecated,1889371
66,12180127,1617632218,0x84ac73906f92a3e0c825f766efbf0933eadc90ca61e976eaf3287dc0704bbed8,73,0xea9069c44f63ed6a1c74d4afad2cb411881fd443c260d036d1cefda1fd084109,0xb96abc18d24eeda781f83be55ed737056965944b,0x5f98805a4e8be255a32880fdec7f6728c6568ba0,0x66017d22b0f8556afdd19fc67041899eb65a21bb,39601990049751243781095,LUSD Stablecoin,LUSD,18,136,274237,187000000000,207903,9439017,deprecated,1889371
67,12180234,1617633574,0x0df67952ac802da8f8f3cb2c7f20a0dc3f0b18916ba68f0561860cd73b9c10b8,74,0x6a4c1095788b387c6a4a6fee2b367148bc1744b5fb855a9229333fb334782356,0x0000000000000000000000000000000000000000,0x5f98805a4e8be255a32880fdec7f6728c6568ba0,0xb96abc18d24eeda781f83be55ed737056965944b,4975124378109452736319,LUSD Stablecoin,LUSD,18,88,373210,222000000000,334010,6037234,deprecated,1889264
68,12180251,1617633729,0x95ee611106192d7c3a3f9da4753a52ba0cdeafacbd8c6521aa7caf69023b6773,76,0x803039946f04389c4fe335c98ae67beef990e3ca7ceb8d97ad7cdfe31f935312,0xb96abc18d24eeda781f83be55ed737056965944b,0x5f98805a4e8be255a32880fdec7f6728c6568ba0,0xf20ef17b889b437c151eb5ba15a47bfc62bff469,4975124378109452736319,LUSD Stablecoin,LUSD,18,98,168406,236000000000,112815,6471447,deprecated,1889247
69,12181415,1617649113,0x2ca167d2354635e9c2bb669ff895a1951761c89f1e4392cbe7a497f511e82c88,77,0x00e18a3a22d7d97a7eb2adc784e301724ce22c1d0493b995bde3c2c920c86f77,0xd8c9d9071123a059c6e0a945cf0e0c82b508d816,0x6dea81c8171d0ba574754ef6f8b412f2ed88c54d,0xb96abc18d24eeda781f83be55ed737056965944b,18134674087007587063,LQTY,LQTY,18,100,260412,141000000000,239667,7540644,deprecated,1888083
70,12181487,1617650105,0x07f8c9e965b3900aae9f0399d96342ad9a410b1ad011717d759ccd4ce4c8f6ee,78,0xde3fa9519fda4e97e59e87d13630a292cdd4d541753c023b1774f790674f6cb5,0xb96abc18d24eeda781f83be55ed737056965944b,0x6dea81c8171d0ba574754ef6f8b412f2ed88c54d,0x4f9fbb3f1e99b56e0fe2892e623ed36a76fc605d,18134674087007587063,LQTY,LQTY,18,157,95012,180000000000,80012,4814919,deprecated,1888011
71,12184928,1617696157,0xa90f755708e937367b5d4d40d4e67e1c6f15058a3007d30b166f2e61c4b6d907,79,0x13e0d470a2163ed44b48c39d133a200e9b3edee2189dfe9452e51229be10933f,0xd8c9d9071123a059c6e0a945cf0e0c82b508d816,0x6dea81c8171d0ba574754ef6f8b412f2ed88c54d,0xb96abc18d24eeda781f83be55ed737056965944b,12074918641170651377,LQTY,LQTY,18,216,276295,105000000000,224780,10867362,deprecated,1884570
72,12184934,1617696258,0x9c4c8e9cae38ad9526957c4d0014f9fd4252ca265454884fd98d18cc7ae03f48,80,0x82220e5f0cbf6a40f6787649e8205da1084e74c3f2c0cb6456e2edc2ad928a3e,0xb96abc18d24eeda781f83be55ed737056965944b,0x6dea81c8171d0ba574754ef6f8b412f2ed88c54d,0x4f9fbb3f1e99b56e0fe2892e623ed36a76fc605d,12074918641170651377,LQTY,LQTY,18,93,105779,128000000000,90779,3959662,deprecated,1884564
73,12184934,1617696258,0x9c4c8e9cae38ad9526957c4d0014f9fd4252ca265454884fd98d18cc7ae03f48,80,0x82220e5f0cbf6a40f6787649e8205da1084e74c3f2c0cb6456e2edc2ad928a3e,0x4f9fbb3f1e99b56e0fe2892e623ed36a76fc605d,0x5f98805a4e8be255a32880fdec7f6728c6568ba0,0xb96abc18d24eeda781f83be55ed737056965944b,326038927317571366822,LUSD Stablecoin,LUSD,18,93,105779,128000000000,90779,3959662,deprecated,1884564
74,12193516,1617809768,0x9117fee60dfadd075e654d1ef9a13edd7a6135a28097cf0ed418138e1d16245f,81,0xed699303b5d644ef535a64feecc67010264280c9af68ee4eb16af35b961fac51,0xd8c9d9071123a059c6e0a945cf0e0c82b508d816,0x6dea81c8171d0ba574754ef6f8b412f2ed88c54d,0xb96abc18d24eeda781f83be55ed737056965944b,16159283686111250852,LQTY,LQTY,18,203,279076,144000001459,228229,9191959,deprecated,1875982
75,12194222,1617818931,0x8c74849574a70b27274caefb1c4176a7ae463ef07becbf4a2f4cdfa93d2bd1c7,82,0xfaa054f6e3b529a7b715e5644a60510c5dc0ff51b51ded7a61e1458c9a9c3559,0xb96abc18d24eeda781f83be55ed737056965944b,0x6dea81c8171d0ba574754ef6f8b412f2ed88c54d,0x4f9fbb3f1e99b56e0fe2892e623ed36a76fc605d,16159283686111250852,LQTY,LQTY,18,121,90779,160000000000,75779,7151949,deprecated,1875276
76,12194222,1617818931,0x8c74849574a70b27274caefb1c4176a7ae463ef07becbf4a2f4cdfa93d2bd1c7,82,0xfaa054f6e3b529a7b715e5644a60510c5dc0ff51b51ded7a61e1458c9a9c3559,0x4f9fbb3f1e99b56e0fe2892e623ed36a76fc605d,0x5f98805a4e8be255a32880fdec7f6728c6568ba0,0xb96abc18d24eeda781f83be55ed737056965944b,126869266157302756381,LUSD Stablecoin,LUSD,18,121,90779,160000000000,75779,7151949,deprecated,1875276
77,12206987,1617989263,0x8139384e5708f20f43713294893e99c51ed593a68fdf61a68c53f565804ff24e,83,0x633d063183957fa4b3e0831435dbc19536715e535dcea6de70afa3b1b9b7c004,0xd8c9d9071123a059c6e0a945cf0e0c82b508d816,0x6dea81c8171d0ba574754ef6f8b412f2ed88c54d,0xb96abc18d24eeda781f83be55ed737056965944b,23888341952916402538,LQTY,LQTY,18,210,279189,127000000000,228342,7543818,deprecated,1862511
78,12226988,1618253820,0xecf58403355f3532fcc7052c2eabf709c2260ff6a1f62c4c40cc48028eaed087,84,0xd75d264d7b74507241ef9d84ccafebb3f4f4ba589e5f3f846660fc80955e2385,0xd8c9d9071123a059c6e0a945cf0e0c82b508d816,0x6dea81c8171d0ba574754ef6f8b412f2ed88c54d,0xb96abc18d24eeda781f83be55ed737056965944b,33258075391108363223,LQTY,LQTY,18,37,236915,100000000000,184913,7225190,deprecated,1842510
79,12227141,1618255791,0x2662bfda657d3c231a1078706d433bcad863b064465bc6a0915306616d4159e5,85,0xc1c2556194d725c7b6141bae00742e7113a5a0a68abc593e01cf440ab4c64bbd,0xb96abc18d24eeda781f83be55ed737056965944b,0x6dea81c8171d0ba574754ef6f8b412f2ed88c54d,0x4f9fbb3f1e99b56e0fe2892e623ed36a76fc605d,57146417344024765761,LQTY,LQTY,18,62,90791,97000000000,75791,7890637,deprecated,1842357
80,12227141,1618255791,0x2662bfda657d3c231a1078706d433bcad863b064465bc6a0915306616d4159e5,85,0xc1c2556194d725c7b6141bae00742e7113a5a0a68abc593e01cf440ab4c64bbd,0x4f9fbb3f1e99b56e0fe2892e623ed36a76fc605d,0x5f98805a4e8be255a32880fdec7f6728c6568ba0,0xb96abc18d24eeda781f83be55ed737056965944b,70002788407428299870,LUSD Stablecoin,LUSD,18,62,90791,97000000000,75791,7890637,deprecated,1842357
81,12245826,1618505331,0x491c0c8d1c710e87d237b0f7d60165b7fe2de83839ba89af5743a231de3f140a,86,0xb4347b1fcc76cf3ce334f021db838a701a80d1c16ab711e5d49eebb9a07d38de,0xd8c9d9071123a059c6e0a945cf0e0c82b508d816,0x6dea81c8171d0ba574754ef6f8b412f2ed88c54d,0xb96abc18d24eeda781f83be55ed737056965944b,21954235231850235925,LQTY,LQTY,18,25,233613,75000000000,183613,2146453,deprecated,1823672
82,12245832,1618505376,0xab2190762be36045fcd410f1763ab8f05870e43a17c66e0d806b58f8d39829a6,87,0xbe063016b7820f44df2c2c8cadd4e7633fa16413c3b0734e09f59e4903782047,0xb96abc18d24eeda781f83be55ed737056965944b,0x6dea81c8171d0ba574754ef6f8b412f2ed88c54d,0x4f9fbb3f1e99b56e0fe2892e623ed36a76fc605d,21954235231850235925,LQTY,LQTY,18,113,89491,75000000000,74491,7297584,deprecated,1823666
83,12245832,1618505376,0xab2190762be36045fcd410f1763ab8f05870e43a17c66e0d806b58f8d39829a6,87,0xbe063016b7820f44df2c2c8cadd4e7633fa16413c3b0734e09f59e4903782047,0x4f9fbb3f1e99b56e0fe2892e623ed36a76fc605d,0x5f98805a4e8be255a32880fdec7f6728c6568ba0,0xb96abc18d24eeda781f83be55ed737056965944b,165895362421040564204,LUSD Stablecoin,LUSD,18,113,89491,75000000000,74491,7297584,deprecated,1823666
84,12267474,1618794089,0xb8936ca764f5aab5a53bb04c3c74706fed45f299b543989b961d5c69a93605f1,88,0xd0257aebce0ce2c94974bfbcc247964742c3a369f75441fb65ac3daf0819daa1,0xd8c9d9071123a059c6e0a945cf0e0c82b508d816,0x6dea81c8171d0ba574754ef6f8b412f2ed88c54d,0xb96abc18d24eeda781f83be55ed737056965944b,15548048851396040974,LQTY,LQTY,18,122,260852,107800000233,210006,9118425,deprecated,1802024
85,12267593,1618795552,0x7545dc01014d123f123874b1bf51e50052565082468ec731f44b83243ac6a357,89,0x04a6de2d7838e9650ed5fbc326c810f039c8216ccdfa541e4c0b44a06e427ee6,0xb96abc18d24eeda781f83be55ed737056965944b,0x6dea81c8171d0ba574754ef6f8b412f2ed88c54d,0x4f9fbb3f1e99b56e0fe2892e623ed36a76fc605d,15548048851396040974,LQTY,LQTY,18,120,89479,94000000000,74479,10131347,deprecated,1801905
86,12267593,1618795552,0x7545dc01014d123f123874b1bf51e50052565082468ec731f44b83243ac6a357,89,0x04a6de2d7838e9650ed5fbc326c810f039c8216ccdfa541e4c0b44a06e427ee6,0x4f9fbb3f1e99b56e0fe2892e623ed36a76fc605d,0x5f98805a4e8be255a32880fdec7f6728c6568ba0,0xb96abc18d24eeda781f83be55ed737056965944b,558804211423538009221,LUSD Stablecoin,LUSD,18,120,89479,94000000000,74479,10131347,deprecated,1801905
87,12368336,1620138844,0xbfa3d3d29bb69265fc59400aad79ed7a0b18a6b752de4230c260fdd047fc09c3,90,0xcee88d7dbdbb9a3e38db847975c15c45eaa1ee79b8837b122ffbbebd4e7eedc2,0xd8c9d9071123a059c6e0a945cf0e0c82b508d816,0x6dea81c8171d0ba574754ef6f8b412f2ed88c54d,0xb96abc18d24eeda781f83be55ed737056965944b,29163491710861422667,LQTY,LQTY,18,156,245161,77000000000,187979,8358529,deprecated,1701162
88,12368362,1620139158,0x8295605af5394bc57122eb240ea024011f1d72f7f892cd9cf194a346747e8adb,91,0xd7b64e0e6c217ab6fbf161a0f201992ba126af997d89dc88ef5a16ca7b682064,0xd8c9d9071123a059c6e0a945cf0e0c82b508d816,0x6dea81c8171d0ba574754ef6f8b412f2ed88c54d,0xb96abc18d24eeda781f83be55ed737056965944b,7479079267938258,LQTY,LQTY,18,127,367153,85000000000,235021,9008327,deprecated,1701136
89,12368362,1620139158,0x8295605af5394bc57122eb240ea024011f1d72f7f892cd9cf194a346747e8adb,91,0xd7b64e0e6c217ab6fbf161a0f201992ba126af997d89dc88ef5a16ca7b682064,0x66017d22b0f8556afdd19fc67041899eb65a21bb,0x5f98805a4e8be255a32880fdec7f6728c6568ba0,0xb96abc18d24eeda781f83be55ed737056965944b,39212907378253520421292,LUSD Stablecoin,LUSD,18,127,367153,85000000000,235021,9008327,deprecated,1701136
90,12368670,1620143474,0xbe7fddbcd0eeeda532bc2be4792774d9507c8f3cdee0ce25118eae390e035e7f,92,0x46281182e1eae39632300d24282e50e580578ff60c136ebded3de0f3ff865048,0x4f9fbb3f1e99b56e0fe2892e623ed36a76fc605d,0x6dea81c8171d0ba574754ef6f8b412f2ed88c54d,0xb96abc18d24eeda781f83be55ed737056965944b,141017577841560531952,LQTY,LQTY,18,153,118697,129000000000,101499,8764116,deprecated,1700828
91,12368670,1620143474,0xbe7fddbcd0eeeda532bc2be4792774d9507c8f3cdee0ce25118eae390e035e7f,92,0x46281182e1eae39632300d24282e50e580578ff60c136ebded3de0f3ff865048,0x4f9fbb3f1e99b56e0fe2892e623ed36a76fc605d,0x5f98805a4e8be255a32880fdec7f6728c6568ba0,0xb96abc18d24eeda781f83be55ed737056965944b,254426394859341762372,LUSD Stablecoin,LUSD,18,153,118697,129000000000,101499,8764116,deprecated,1700828
92,12408829,1620678643,0xc3d83a466100462d77e86f4b0170964a88a379b1f454811b8a2e20e913990e80,94,0xd7407bd822b9e5a31a4c5a50eb0db6ed87908e42e08c349cba9a7452b51e0352,0xb96abc18d24eeda781f83be55ed737056965944b,0xf63b34710400cad3e044cffdcab00a0f32e33ecf,0x0000000000000000000000000000000000000000,2000000000000000000,Aave variable debt bearing WETH,variableDebtWETH,18,42,442323,363000000000,313595,2414251,deprecated,1660669
93,12459245,1621352367,0x9af9b22e3b60a59b9d333dcb297b04b97c1b49ed56be8c4a3c710fac8de6f808,96,0xa366929f8e21a08b2d03d586c6ed97a48e1a51fb2553192d5ed340754869177c,0xb96abc18d24eeda781f83be55ed737056965944b,0x5f98805a4e8be255a32880fdec7f6728c6568ba0,0xf20ef17b889b437c151eb5ba15a47bfc62bff469,20000000000000000000000,LUSD Stablecoin,LUSD,18,69,171207,91000000000,118091,6355536,deprecated,1610253
94,12462802,1621400051,0x638cea37a6c8e8ad9910a8c3251e94616d58b98dc20461ede87c1466ae637acf,97,0x5e01db7772dab5a5be64983fb8aa987ccdb30390583dc1b549a9890269715f2b,0xb96abc18d24eeda781f83be55ed737056965944b,0x5f98805a4e8be255a32880fdec7f6728c6568ba0,0xf20ef17b889b437c151eb5ba15a47bfc62bff469,10000000000000000000000,LUSD Stablecoin,LUSD,18,54,171207,259000000000,118091,6157607,deprecated,1606696
95,12462919,1621401564,0x185cba225bb554371ed94af5faf764ab31c1be316ae99ab051a3ce91f992ac37,98,0x410b3ebb2fc73f8b6e5dfced2137704bfe0fce5ccad451a48491a5bc0e47afac,0xb96abc18d24eeda781f83be55ed737056965944b,0x5f98805a4e8be255a32880fdec7f6728c6568ba0,0x9663f2ca0454accad3e094448ea6f77443880454,10714944328839743180162,LUSD Stablecoin,LUSD,18,245,186042,300000000000,118678,12924669,deprecated,1606579
96,12462930,1621401676,0x4d2e384fb1addfdd6a7093c3e41ded15e2cc5bf4fc1ea2b78405db7459f1a88c,99,0x281a45b9e190b0aa45b1d55b578d15eaeb4ae9dbcb1f1354aab7ebf2613e8bb8,0xb96abc18d24eeda781f83be55ed737056965944b,0xf63b34710400cad3e044cffdcab00a0f32e33ecf,0x0000000000000000000000000000000000000000,11632985667264374624,Aave variable debt bearing WETH,variableDebtWETH,18,138,335526,270000000000,277007,10645047,deprecated,1606568
97,12462935,1621401731,0x3a90a4a2da754cb4f8a43898f60eaddec331dfe8b76bb3662aced1fdc6798cd7,100,0xa1d6e830aa92adc640e4fc314bda8fbd7310180df70503c47ba310d1a1d4bca8,0xcc12abe4ff81c9378d670de1b57f8e0dd228d77a,0x408e41876cccdc0f92210600ef50372656052a38,0xb96abc18d24eeda781f83be55ed737056965944b,120097207986386605455154,Republic,REN,18,60,295929,258020001415,194550,7539594,deprecated,1606563
98,12462935,1621401731,0x3a90a4a2da754cb4f8a43898f60eaddec331dfe8b76bb3662aced1fdc6798cd7,100,0xa1d6e830aa92adc640e4fc314bda8fbd7310180df70503c47ba310d1a1d4bca8,0xb96abc18d24eeda781f83be55ed737056965944b,0xcc12abe4ff81c9378d670de1b57f8e0dd228d77a,0x0000000000000000000000000000000000000000,120097207986386605455154,Aave interest bearing REN,aREN,18,60,295929,258020001415,194550,7539594,deprecated,1606563
99,12462957,1621402004,0x0d64770e8fdd57a041969a3cc6c9ab8150541b654e6c122083de3e10c43d3510,102,0x2b2a3d28fa0b14da4a67b8a5c387a21cfd3b200810b362ed24d33b6bc7d5ac38,0xb96abc18d24eeda781f83be55ed737056965944b,0x18aaa7115705e8be94bffebde57af9bfc265b998,0xc730ef0f4973da9cc0ab8ab291890d3e77f58f79,16869177349664581471662,Audius,AUDIO,18,105,215031,288000000000,166498,6520039,deprecated,1606541
100,12462957,1621402004,0x0d64770e8fdd57a041969a3cc6c9ab8150541b654e6c122083de3e10c43d3510,102,0x2b2a3d28fa0b14da4a67b8a5c387a21cfd3b200810b362ed24d33b6bc7d5ac38,0xb4e16d0168e52d35cacd2c6185b44281ec28c9dc,0xa0b86991c6218b36c1d19d4a2e9eb0ce3606eb48,0xb96abc18d24eeda781f83be55ed737056965944b,29793509134,USD Coin,USDC,6,105,215031,288000000000,166498,6520039,deprecated,1606541
101,12462967,1621402135,0x54802cdbade0e0cc6833cebd567fa88b0ea8a1c6ca1507ae427ab005f2480a23,103,0xa4966ea327c5fe6bfcb962428bedbc4cb3c86f486a5f7298b5c15f3aa538efb0,0xb96abc18d24eeda781f83be55ed737056965944b,0x408e41876cccdc0f92210600ef50372656052a38,0x8bd1661da98ebdd3bd080f0be4e6d9be8ce9858c,60000000000000000000000,Republic,REN,18,173,206786,298000000000,164211,8896445,deprecated,1606531
102,12462967,1621402135,0x54802cdbade0e0cc6833cebd567fa88b0ea8a1c6ca1507ae427ab005f2480a23,103,0xa4966ea327c5fe6bfcb962428bedbc4cb3c86f486a5f7298b5c15f3aa538efb0,0xb4e16d0168e52d35cacd2c6185b44281ec28c9dc,0xa0b86991c6218b36c1d19d4a2e9eb0ce3606eb48,0xb96abc18d24eeda781f83be55ed737056965944b,39405937587,USD Coin,USDC,6,173,206786,298000000000,164211,8896445,deprecated,1606531
103,12465051,1621430403,0x2a22291c2e12e1b6c75bb3abc36dc2831479167637204aa394dcacbde8452b5c,105,0x7853872e5504377344a08311c08c9ca8195713f56f6061c37bc1c7f666066895,0xb96abc18d24eeda781f83be55ed737056965944b,0xa0b86991c6218b36c1d19d4a2e9eb0ce3606eb48,0x3041cbd36888becc7bbcbc0045e3b1f144466f5f,69200577506,USD Coin,USDC,6,49,248926,1926000000000,175543,6256785,deprecated,1604447
104,12466201,1621445690,0x59dc9b2605df8cb949025d7ce6af691775facdaf93f75aaf4df1f0c0b892aba8,17838,0x3de9cc4acd688e66d6eb65467aca85899de72f92511935867f0d19dbfbf7e0a4,0xfa103c21ea2df71dfb92b0652f8b1d795e51cdef,0xa0b86991c6218b36c1d19d4a2e9eb0ce3606eb48,0xb96abc18d24eeda781f83be55ed737056965944b,97580000000,USD Coin,USDC,6,37,163992,233315338477,92231,2592564,deprecated,1603297
105,12526312,1622252032,0x471b226cdee7a1b2961a7d363955b1234c206f0f4c2d3baf5c16955d7b5197ca,108,0x6527cd621772615671499528c76b96f407b5f982e04db1c2e5a89dbb86a8d0cc,0xb96abc18d24eeda781f83be55ed737056965944b,0x1f9840a85d5af5bf1d1762f925bdaddc4201f984,0x73e702c8e493626151cf12b71c36200acbb3cb78,200000000000000000000,Uniswap,UNI,18,68,85809,37000000000,57206,4724371,deprecated,1543186
106,12526331,1622252239,0x5e1e74fc63d8b824d91ea00521cd95f22d7a7308ec0a4b232cf4dd7bcdcbf4b4,109,0x13c170706e89d6d029385524fe346a379561535a929619135d0769266ca09673,0xb96abc18d24eeda781f83be55ed737056965944b,0xa0b86991c6218b36c1d19d4a2e9eb0ce3606eb48,0x6c6bc977e13df9b0de53b251522280bb72383700,252701126,USD Coin,USDC,6,39,345247,40000000000,263842,2208119,deprecated,1543167
107,12678903,1624295637,0x73064bb44de967d91a682e11c1c23b7a37a9adbeccdfdd8162c4bcd38c67ff5f,110,0x8da368e4f914de2496be832e541554a983a682e31a0acc27b666545d9c64aa1d,0xb96abc18d24eeda781f83be55ed737056965944b,0xa0b86991c6218b36c1d19d4a2e9eb0ce3606eb48,0x6c6bc977e13df9b0de53b251522280bb72383700,20000000000,USD Coin,USDC,6,15,348544,62000000000,249666,1257909,deprecated,1390595
108,12678903,1624295637,0x73064bb44de967d91a682e11c1c23b7a37a9adbeccdfdd8162c4bcd38c67ff5f,110,0x8da368e4f914de2496be832e541554a983a682e31a0acc27b666545d9c64aa1d,0x16980c16811bde2b3358c1ce4341541a4c772ec9,0x5f98805a4e8be255a32880fdec7f6728c6568ba0,0xb96abc18d24eeda781f83be55ed737056965944b,19802047634002753820832,LUSD Stablecoin,LUSD,18,15,348544,62000000000,249666,1257909,deprecated,1390595
109,12678911,1624295760,0xd595578c21629261f14351ffab17a7e28af455965b6d0731293f70ff6207b8b8,111,0xb9414270f61e54772bb88a833de201b8dccea4ff2db9743abdd7b75d4e81f16c,0xb96abc18d24eeda781f83be55ed737056965944b,0x5f98805a4e8be255a32880fdec7f6728c6568ba0,0x0000000000000000000000000000000000000000,19800000000000000000000,LUSD Stablecoin,LUSD,18,86,371322,52500000000,288522,10285746,deprecated,1390587
110,12742974,1625158168,0x6597a8cf05f421e3dc618c8ef5bb7de86f193bb3722a51d89ffc4dfa8edf108b,112,0x33741b45d9a36c91f1ef10a7f8d708d2183c0417a5dcae390e541c539235a725,0xb96abc18d24eeda781f83be55ed737056965944b,0xa0b86991c6218b36c1d19d4a2e9eb0ce3606eb48,0x187a3e8e2240051534ce594b7426a402edfa64e3,50000000000,USD Coin,USDC,6,41,99244,23000000000,65625,4676036,deprecated,1326524
111,13149626,1630630281,0x2ea039b013f040b39b4496401ad56278488ac8b0f30f736ec4ea569f4af27409,116,0x60ac4d65ef6ffc8644149ab326a74c9b723980727fd94a6798c0753ff2883963,0xb96abc18d24eeda781f83be55ed737056965944b,0x408e41876cccdc0f92210600ef50372656052a38,0x8bd1661da98ebdd3bd080f0be4e6d9be8ce9858c,15000000000000000000000,Republic,REN,18,329,171940,85808284576,118702,26492953,deprecated,919872
112,13149785,1630632211,0xfee8f4a7812c66b843f9a99621b5c520009d50a376ede1105a54048edcff9848,118,0xc9d17f4c25771281541bb107317109065ce1a6486ee3df43533d29c51489ed71,0xb96abc18d24eeda781f83be55ed737056965944b,0xa0b86991c6218b36c1d19d4a2e9eb0ce3606eb48,0xb96abc18d24eeda781f83be55ed737056965944b,1000000,USD Coin,USDC,6,183,63247,67450303251,38913,17537832,deprecated,919713
113,13189162,1631158674,0x6524a371104e42ec7212e5589b4584affd42be5c245c0f8fffac8f4a0015e303,120,0x9724328d907be893596e968b4768e8cb9f8f95d1a3dd371b8f2d15ed01636d3f,0xb96abc18d24eeda781f83be55ed737056965944b,0xa0b86991c6218b36c1d19d4a2e9eb0ce3606eb48,0xcd46e03d11811a1820aa0d5e27d219544241436c,3200000000,USD Coin,USDC,6,332,99226,162929458423,65613,26338792,deprecated,880336
114,13321953,1632935753,0xc1007576aaebc2c93d4c0cd09d92b1ade751bed9c88c3ebb74234431f993b0cf,121,0x2c99d706011e3f67f1211ea16107b1fb84d4396e42e823bc8430d7f3245980ed,0xb96abc18d24eeda781f83be55ed737056965944b,0x408e41876cccdc0f92210600ef50372656052a38,0x8bd1661da98ebdd3bd080f0be4e6d9be8ce9858c,22000000000000000000000,Republic,REN,18,0,219483,138214532787,174627,174627,deprecated,747545
115,13321953,1632935753,0xc1007576aaebc2c93d4c0cd09d92b1ade751bed9c88c3ebb74234431f993b0cf,121,0x2c99d706011e3f67f1211ea16107b1fb84d4396e42e823bc8430d7f3245980ed,0xb4e16d0168e52d35cacd2c6185b44281ec28c9dc,0xa0b86991c6218b36c1d19d4a2e9eb0ce3606eb48,0xb96abc18d24eeda781f83be55ed737056965944b,20205076250,USD Coin,USDC,6,0,219483,138214532787,174627,174627,deprecated,747545
116,13321976,1632936029,0x9d6719c469c16a708617003e88e499fea61d09c870767975a5724eefa7726b19,325,0x4ea9c8dba1cafc44cc1314bccef1eab0c8a500846bc20bf2e907f96a8fbd0feb,0xd667a84005975eef906e980f200541974a8c9766,0xd667a84005975eef906e980f200541974a8c9766,0xb96abc18d24eeda781f83be55ed737056965944b,300000000000000000000000,WxFi.io,WxFi.io,18,100,110878,131517230859,100799,4291667,deprecated,747522
117,13322344,1632940817,0xd932a1407d473a44ea0057912f3e51fa267dbe7409f99163b49bf4135bdadb0b,123,0x815bfd230ebfdf63a83c549af3d12d71b69d22babfb946fe325df63159de9f75,0xb96abc18d24eeda781f83be55ed737056965944b,0x408e41876cccdc0f92210600ef50372656052a38,0x27239549dd40e1d60f5b80b0c4196923745b1fd2,23097000000000000000000,Republic,REN,18,264,942639,94563595490,662401,18450966,deprecated,747154
118,13322344,1632940817,0xd932a1407d473a44ea0057912f3e51fa267dbe7409f99163b49bf4135bdadb0b,123,0x815bfd230ebfdf63a83c549af3d12d71b69d22babfb946fe325df63159de9f75,0x27239549dd40e1d60f5b80b0c4196923745b1fd2,0xa0b86991c6218b36c1d19d4a2e9eb0ce3606eb48,0xb96abc18d24eeda781f83be55ed737056965944b,21275008890,USD Coin,USDC,6,264,942639,94563595490,662401,18450966,deprecated,747154
119,13322421,1632941773,0xde89cab56fb9b99eb85a991dab1e590d14271c5759b98ea231f5ded8ed3cdc24,125,0x24c31d60ed2aab81564caefb553ed38d868b5e2235c4de70f51d8ad64f090bb6,0xb96abc18d24eeda781f83be55ed737056965944b,0xa0b86991c6218b36c1d19d4a2e9eb0ce3606eb48,0xed279fdd11ca84beef15af5d39bb4d4bee23f0ca,24925000000,USD Coin,USDC,6,36,515915,88000000000,301266,3572217,deprecated,747077
120,13322421,1632941773,0xde89cab56fb9b99eb85a991dab1e590d14271c5759b98ea231f5ded8ed3cdc24,125,0x24c31d60ed2aab81564caefb553ed38d868b5e2235c4de70f51d8ad64f090bb6,0xed279fdd11ca84beef15af5d39bb4d4bee23f0ca,0x5f98805a4e8be255a32880fdec7f6728c6568ba0,0xb96abc18d24eeda781f83be55ed737056965944b,25013212437614262447348,LUSD Stablecoin,LUSD,18,36,515915,88000000000,301266,3572217,deprecated,747077
121,13322427,1632941826,0xb094db12fed6dd79609916416c29264636c0d87043e6a731c7530f8c5bda7ddd,126,0x30f25f0a718f4398f55f5655277a543f974ed5429b61ea6f0ebba59503df7388,0xb96abc18d24eeda781f83be55ed737056965944b,0x5f98805a4e8be255a32880fdec7f6728c6568ba0,0x0000000000000000000000000000000000000000,25000000000000000000000,LUSD Stablecoin,LUSD,18,494,295530,70634754824,264331,26135904,deprecated,747071
122,13322432,1632941929,0x267d97a501047c72486ad16f3846207edeaecb0dc83d82eaf2f7ac2d37374761,127,0xe13d9e3659f427be322b669c7b2fe265e5afce777b61ff33a0fceecfe6b6d286,0xb96abc18d24eeda781f83be55ed737056965944b,0xa0b86991c6218b36c1d19d4a2e9eb0ce3606eb48,0xadd10e564b1ece7f0e61e610cb1157d35562c768,40682384014,USD Coin,USDC,6,275,99262,83990564264,60837,28547756,deprecated,747066
123,13595778,1636645532,0x0b3eed6d905c9da5abdfdf50596154d31c4a6ebdd29c686a6ceb3ce30700b78f,129,0xd3621d5b1294ae413346b3cc58ff048041f3a8f50c985d642a2c977a644eaf2d,0xc18360217d8f7ab5e7c516566761ea12ce7f9d72,0xc18360217d8f7ab5e7c516566761ea12ce7f9d72,0xb96abc18d24eeda781f83be55ed737056965944b,211540841131782406144,Ethereum Name Service,ENS,18,342,180000,153578590908,166044,24615078,deprecated,473720
124,13634567,1637173488,0x7607d7c47d1563990f24eaca17b93284a15e4987899bfd75fe5bf665161c6778,0,0x74917ea1df8a33dddf0e29b51ea27db3a72c109e1c78f8d18d1a844a7ad96941,0xb96abc18d24eeda781f83be55ed737056965944b,0xc02aaa39b223fe8d0a0e5c4f27ead9083c756cc2,0xfbe1c68324055ff5f07d0e241b4511225436c522,100000000000000000,Wrapped Ether,WETH,18,166,529066,114968986870,521655,9560282,deprecated,434931
125,13634567,1637173488,0x7607d7c47d1563990f24eaca17b93284a15e4987899bfd75fe5bf665161c6778,0,0x74917ea1df8a33dddf0e29b51ea27db3a72c109e1c78f8d18d1a844a7ad96941,0xb96abc18d24eeda781f83be55ed737056965944b,0xc02aaa39b223fe8d0a0e5c4f27ead9083c756cc2,0x1cf0df2a5a20cd61d68d4489eebbf85b8d39e18a,25000000000000000,Wrapped Ether,WETH,18,166,529066,114968986870,521655,9560282,deprecated,434931
126,13634567,1637173488,0x7607d7c47d1563990f24eaca17b93284a15e4987899bfd75fe5bf665161c6778,0,0x74917ea1df8a33dddf0e29b51ea27db3a72c109e1c78f8d18d1a844a7ad96941,0xb96abc18d24eeda781f83be55ed737056965944b,0xc02aaa39b223fe8d0a0e5c4f27ead9083c756cc2,0x1cf0df2a5a20cd61d68d4489eebbf85b8d39e18a,25000000000000000,Wrapped Ether,WETH,18,166,529066,114968986870,521655,9560282,deprecated,434931
127,13634567,1637173488,0x7607d7c47d1563990f24eaca17b93284a15e4987899bfd75fe5bf665161c6778,0,0x74917ea1df8a33dddf0e29b51ea27db3a72c109e1c78f8d18d1a844a7ad96941,0xb96abc18d24eeda781f83be55ed737056965944b,0xc02aaa39b223fe8d0a0e5c4f27ead9083c756cc2,0xfbe1c68324055ff5f07d0e241b4511225436c522,875000000000000000,Wrapped Ether,WETH,18,166,529066,114968986870,521655,9560282,deprecated,434931
128,13684097,1637851679,0xf13526c31a9b984576a8977b61be8f1e36063f4c9eda0206f8eb832632cacc7a,342270,0x95a5a0e2083bc9f1b0cdb46a5660f3c5adddfa3f4cfb0da518f349cebf26e511,0xae2d4617c862309a3d75a0ffb358c7a5009c673f,0xa0b86991c6218b36c1d19d4a2e9eb0ce3606eb48,0xb96abc18d24eeda781f83be55ed737056965944b,2375000000,USD Coin,USDC,6,136,500000,135595558929,65625,12942528,deprecated,385401
129,13725948,1638428780,0xdd4ce8c315b4dd63d8282b11964cd182634855479941b39df62c54d70182f56e,112,0x36f662bdd7430a0ec1a85609b2327b9aabe1e7014b5a6e08f572feae377df0d0,0x1412eca9dc7daef60451e3155bb8dbf9da349933,0x1412eca9dc7daef60451e3155bb8dbf9da349933,0xb96abc18d24eeda781f83be55ed737056965944b,93989280000000000000000,A68.net,A68.net,18,63,1465462,86784999640,1332239,8879130,deprecated,343550
130,13864035,1640297082,0x8184ee9a0a8fd5f97a5a3c04a1710c1c70b947f9cd92674267bd2371a623efda,133,0x02f66281a4ea8b96a852b48b51e549ed816fb953df432a66afdf2d2f77bc2035,0x88e6a0c2ddd26feeb64f039a2c41296fcb3f5640,0xa0b86991c6218b36c1d19d4a2e9eb0ce3606eb48,0xb96abc18d24eeda781f83be55ed737056965944b,24681128855,USD Coin,USDC,6,242,168602,74792096173,117184,20189034,deprecated,205463
131,13864042,1640297226,0x665aebc90f34d2a7ac946f8ebf2891b2299ff93cb62023709bf68d666f0080f2,134,0xf3c5cb28eaaa85900a9bb6ee3ca4d42af0d41894b0af47795dd1d50cc571b7a0,0xb96abc18d24eeda781f83be55ed737056965944b,0xa0b86991c6218b36c1d19d4a2e9eb0ce3606eb48,0x9d6a9eff82783c8432733dfdd59e7acab6aa966e,27056128855,USD Coin,USDC,6,316,99262,91096081589,60837,15581373,deprecated,205456
132,13864070,1640297655,0xc958a69ef606a6dd14d97d95ea4b5bfcaa609122ee2e4773e921d6dd9d5b2338,1164,0xbe781802b7ffae0ad693230a607ba4e3376ea356b19bb4661dae45d1ab2b9db9,0xf9d25eb4c75ed744596392cf89074afaa43614a8,0xf9d25eb4c75ed744596392cf89074afaa43614a8,0xb96abc18d24eeda781f83be55ed737056965944b,113054000000000000000000,Up1.org,Up1.org,18,123,73422,97136863938,66748,6870354,deprecated,205428
133,13864075,1640297745,0xacf0ef738ecdaf947ed828c37eb72ee21a447bf6ea383cb5a715427204b62e01,136,0x8b5ead22f4865d4bf55732d64d2cf5b14eac081e057a23d141c3e260d77dba27,0x88e6a0c2ddd26feeb64f039a2c41296fcb3f5640,0xa0b86991c6218b36c1d19d4a2e9eb0ce3606eb48,0xb96abc18d24eeda781f83be55ed737056965944b,15611557352,USD Coin,USDC,6,368,190664,96852529811,135282,26836490,deprecated,205423
134,14043974,1642701852,0xaa511ec620be8f0be92b6617545b9a4d19a7dc803443ff4b2a1f40ef4c634928,137,0x7104ea4c12f200209c575fa95399f19be062d58c0d70c9bb4157aa165ab2d5c5,0xb96abc18d24eeda781f83be55ed737056965944b,0xa0b86991c6218b36c1d19d4a2e9eb0ce3606eb48,0x8d5b5444e503e78086c31a63c84af6afd1ebf93e,15000000000,USD Coin,USDC,6,315,73188,164097772681,48525,27495743,deprecated,25524
